#
# There is insufficient memory for the Java Runtime Environment to continue.
# Native memory allocation (mmap) failed to map 457179136 bytes. Error detail: G1 virtual space
# Possible reasons:
#   The system is out of physical RAM or swap space
#   This process is running with CompressedOops enabled, and the Java Heap may be blocking the growth of the native heap
# Possible solutions:
#   Reduce memory load on the system
#   Increase physical memory or swap space
#   Check if swap backing store is full
#   Decrease Java heap size (-Xmx/-Xms)
#   Decrease number of Java threads
#   Decrease Java thread stack sizes (-Xss)
#   Set larger code cache with -XX:ReservedCodeCacheSize=
#   JVM is running with Unscaled Compressed Oops mode in which the Java heap is
#     placed in the first 4GB address space. The Java Heap base address is the
#     maximum limit for the native heap growth. Please use -XX:HeapBaseMinAddress
#     to set the Java Heap base and to place the Java Heap above 4GB virtual address.
# This output file may be truncated or incomplete.
#
#  Out of Memory Error (os_windows.cpp:3925), pid=23812, tid=23928
#
# JRE version: OpenJDK Runtime Environment (21.0.8) (build 21.0.8+-14018985-b1038.68)
# Java VM: OpenJDK 64-Bit Server VM (21.0.8+-14018985-b1038.68, mixed mode, tiered, compressed oops, compressed class ptrs, g1 gc, windows-amd64)
# No core dump will be written. Minidumps are not enabled by default on client versions of Windows
#

---------------  S U M M A R Y ------------

Command Line: --add-opens=java.base/java.lang=ALL-UNNAMED --add-opens=java.base/java.lang.invoke=ALL-UNNAMED --add-opens=java.base/java.util=ALL-UNNAMED --add-opens=java.prefs/java.util.prefs=ALL-UNNAMED --add-exports=jdk.compiler/com.sun.tools.javac.api=ALL-UNNAMED --add-exports=jdk.compiler/com.sun.tools.javac.util=ALL-UNNAMED --add-opens=java.base/java.util=ALL-UNNAMED --add-opens=java.prefs/java.util.prefs=ALL-UNNAMED --add-opens=java.base/java.nio.charset=ALL-UNNAMED --add-opens=java.base/java.net=ALL-UNNAMED --add-opens=java.base/java.util.concurrent.atomic=ALL-UNNAMED --add-opens=java.xml/javax.xml.namespace=ALL-UNNAMED -Xmx2048m -Dfile.encoding=UTF-8 -Duser.country=GB -Duser.language=en -Duser.variant -javaagent:C:\Users\samiu\.gradle\wrapper\dists\gradle-8.13-bin\5xuhj0ry160q40clulazy9h7d\gradle-8.13\lib\agents\gradle-instrumentation-agent-8.13.jar org.gradle.launcher.daemon.bootstrap.GradleDaemon 8.13

Host: 13th Gen Intel(R) Core(TM) i3-1315U, 8 cores, 7G,  Windows 11 , 64 bit Build 26100 (10.0.26100.6725)
Time: Tue Oct 21 10:18:08 2025 W. Europe Summer Time elapsed time: 201.352240 seconds (0d 0h 3m 21s)

---------------  T H R E A D  ---------------

Current thread (0x000001b97f9a4470):  VMThread "VM Thread"          [id=23928, stack(0x000000771bd00000,0x000000771be00000) (1024K)]

Stack: [0x000000771bd00000,0x000000771be00000]
Native frames: (J=compiled Java code, j=interpreted, Vv=VM code, C=native code)
V  [jvm.dll+0x6d68d9]
V  [jvm.dll+0x866693]
V  [jvm.dll+0x868c4e]
V  [jvm.dll+0x869333]
V  [jvm.dll+0x280566]
V  [jvm.dll+0x6d3195]
V  [jvm.dll+0x6c69ea]
V  [jvm.dll+0x3586db]
V  [jvm.dll+0x360336]
V  [jvm.dll+0x3b23f6]
V  [jvm.dll+0x3b26c8]
V  [jvm.dll+0x32ae6c]
V  [jvm.dll+0x32aef7]
V  [jvm.dll+0x370d3c]
V  [jvm.dll+0x36f4ee]
V  [jvm.dll+0x32a5c1]
V  [jvm.dll+0x36ebf0]
V  [jvm.dll+0x86f0b8]
V  [jvm.dll+0x870434]
V  [jvm.dll+0x870970]
V  [jvm.dll+0x870c03]
V  [jvm.dll+0x80eac8]
V  [jvm.dll+0x6d512d]
C  [ucrtbase.dll+0x37b0]
C  [KERNEL32.DLL+0x2e8d7]
C  [ntdll.dll+0x8c53c]

VM_Operation (0x0000007722afa7f0): G1CollectForAllocation, mode: safepoint, requested by thread 0x000001b9085e8130


---------------  P R O C E S S  ---------------

Threads class SMR info:
_java_thread_list=0x000001b90fbeb6b0, length=102, elements={
0x000001b96c12bd90, 0x000001b97f9ee9b0, 0x000001b97f9f1970, 0x000001b97f9f2760,
0x000001b97fa04fe0, 0x000001b97fa165b0, 0x000001b97fa17b80, 0x000001b97fa19150,
0x000001b97fa23a70, 0x000001b97fa2ac10, 0x000001b97fd1b930, 0x000001b908411f50,
0x000001b908413300, 0x000001b908413990, 0x000001b908411230, 0x000001b9084125e0,
0x000001b908410510, 0x000001b908412c70, 0x000001b909b075c0, 0x000001b909b09690,
0x000001b909b09d20, 0x000001b909b082e0, 0x000001b909b08970, 0x000001b909b0a3b0,
0x000001b909b0aa40, 0x000001b909b0b0d0, 0x000001b909b09000, 0x000001b909b07c50,
0x000001b909b0dec0, 0x000001b909b0cb10, 0x000001b909b0b760, 0x000001b909b0e550,
0x000001b909b0bdf0, 0x000001b909b0c480, 0x000001b909b0d1a0, 0x000001b909b0d830,
0x000001b90adb70b0, 0x000001b90adb7dd0, 0x000001b90adb8460, 0x000001b90adb7740,
0x000001b90adb8af0, 0x000001b90adb9180, 0x000001b90adb9ea0, 0x000001b90adb6a20,
0x000001b90adbb8e0, 0x000001b90adba530, 0x000001b90adbbf70, 0x000001b90adbcc90,
0x000001b90adbabc0, 0x000001b90adbb250, 0x000001b90adbd9b0, 0x000001b90bf76320,
0x000001b90bf79e30, 0x000001b90bf769b0, 0x000001b90bf7ab50, 0x000001b90bf7a4c0,
0x000001b90bf7cc20, 0x000001b90bf7b870, 0x000001b90fdf0ea0, 0x000001b90ea012a0,
0x000001b90ea04db0, 0x000001b90ea04090, 0x000001b90ea03a00, 0x000001b90d565720,
0x000001b90d563650, 0x000001b90d564a00, 0x000001b90d567e80, 0x000001b90d566ad0,
0x000001b90d567160, 0x000001b90d5677f0, 0x000001b90d568ba0, 0x000001b90c18c370,
0x000001b90c18bce0, 0x000001b90c18b650, 0x000001b90c18ca00, 0x000001b90c18d090,
0x000001b90c18d720, 0x000001b90c18ddb0, 0x000001b90c18e440, 0x000001b90c18afc0,
0x000001b90c190510, 0x000001b90c18f7f0, 0x000001b90c18fe80, 0x000001b90c1918c0,
0x000001b90bf77040, 0x000001b90bf783f0, 0x000001b90bf78a80, 0x000001b90bf75c90,
0x000001b908d8e1b0, 0x000001b908d8e840, 0x000001b908d8eed0, 0x000001b908d8f560,
0x000001b90fdf0180, 0x000001b90fdf1530, 0x000001b90adb9810, 0x000001b9085e7410,
0x000001b9085ea890, 0x000001b9085e9b70, 0x000001b9085e94e0, 0x000001b9085e7aa0,
0x000001b9085eb5b0, 0x000001b9085e8130
}

Java Threads: ( => current thread )
  0x000001b96c12bd90 JavaThread "main"                              [_thread_blocked, id=23856, stack(0x000000771b600000,0x000000771b700000) (1024K)]
  0x000001b97f9ee9b0 JavaThread "Common-Cleaner"             daemon [_thread_blocked, id=23920, stack(0x000000771be00000,0x000000771bf00000) (1024K)]
  0x000001b97f9f1970 JavaThread "Reference Handler"          daemon [_thread_blocked, id=14964, stack(0x000000771bf00000,0x000000771c000000) (1024K)]
  0x000001b97f9f2760 JavaThread "Finalizer"                  daemon [_thread_blocked, id=23048, stack(0x000000771c000000,0x000000771c100000) (1024K)]
  0x000001b97fa04fe0 JavaThread "Signal Dispatcher"          daemon [_thread_blocked, id=22168, stack(0x000000771c100000,0x000000771c200000) (1024K)]
  0x000001b97fa165b0 JavaThread "Attach Listener"            daemon [_thread_blocked, id=1544, stack(0x000000771c200000,0x000000771c300000) (1024K)]
  0x000001b97fa17b80 JavaThread "Service Thread"             daemon [_thread_blocked, id=6428, stack(0x000000771c300000,0x000000771c400000) (1024K)]
  0x000001b97fa19150 JavaThread "Monitor Deflation Thread"   daemon [_thread_blocked, id=9648, stack(0x000000771c400000,0x000000771c500000) (1024K)]
  0x000001b97fa23a70 JavaThread "C2 CompilerThread0"         daemon [_thread_blocked, id=23956, stack(0x000000771c500000,0x000000771c600000) (1024K)]
  0x000001b97fa2ac10 JavaThread "C1 CompilerThread0"         daemon [_thread_blocked, id=23952, stack(0x000000771c600000,0x000000771c700000) (1024K)]
  0x000001b97fd1b930 JavaThread "Notification Thread"        daemon [_thread_blocked, id=24016, stack(0x000000771c700000,0x000000771c800000) (1024K)]
  0x000001b908411f50 JavaThread "Daemon health stats"               [_thread_blocked, id=24116, stack(0x000000771cf00000,0x000000771d000000) (1024K)]
  0x000001b908413300 JavaThread "Incoming local TCP Connector on port 55781"        [_thread_in_native, id=24132, stack(0x000000771d000000,0x000000771d100000) (1024K)]
  0x000001b908413990 JavaThread "Daemon periodic checks"            [_thread_blocked, id=24144, stack(0x000000771d100000,0x000000771d200000) (1024K)]
  0x000001b908411230 JavaThread "Daemon"                            [_thread_blocked, id=24148, stack(0x000000771d200000,0x000000771d300000) (1024K)]
  0x000001b9084125e0 JavaThread "Handler for socket connection from /127.0.0.1:55781 to /127.0.0.1:55782"        [_thread_in_native, id=24136, stack(0x000000771d300000,0x000000771d400000) (1024K)]
  0x000001b908410510 JavaThread "Cancel handler"                    [_thread_blocked, id=24012, stack(0x000000771c800000,0x000000771c900000) (1024K)]
  0x000001b908412c70 JavaThread "Daemon worker"                     [_thread_in_native, id=24000, stack(0x000000771d400000,0x000000771d500000) (1024K)]
  0x000001b909b075c0 JavaThread "Asynchronous log dispatcher for DefaultDaemonConnection: socket connection from /127.0.0.1:55781 to /127.0.0.1:55782"        [_thread_blocked, id=16336, stack(0x000000771d700000,0x000000771d800000) (1024K)]
  0x000001b909b09690 JavaThread "Stdin handler"                     [_thread_blocked, id=2208, stack(0x000000771d800000,0x000000771d900000) (1024K)]
  0x000001b909b09d20 JavaThread "Daemon client event forwarder"        [_thread_blocked, id=5448, stack(0x000000771d900000,0x000000771da00000) (1024K)]
  0x000001b909b082e0 JavaThread "Cache worker for journal cache (C:\Users\samiu\.gradle\caches\journal-1)"        [_thread_blocked, id=10428, stack(0x000000771db00000,0x000000771dc00000) (1024K)]
  0x000001b909b08970 JavaThread "File lock request listener"        [_thread_in_native, id=17820, stack(0x000000771dc00000,0x000000771dd00000) (1024K)]
  0x000001b909b0a3b0 JavaThread "Cache worker for file hash cache (C:\Users\samiu\.gradle\caches\8.13\fileHashes)"        [_thread_blocked, id=22868, stack(0x000000771dd00000,0x000000771de00000) (1024K)]
  0x000001b909b0aa40 JavaThread "Cache worker for file hash cache (C:\Users\samiu\AndroidStudioProjects\NotificationRelay\.gradle\8.13\fileHashes)"        [_thread_blocked, id=24308, stack(0x000000771df00000,0x000000771e000000) (1024K)]
  0x000001b909b0b0d0 JavaThread "Cache worker for Build Output Cleanup Cache (C:\Users\samiu\AndroidStudioProjects\NotificationRelay\.gradle\buildOutputCleanup)"        [_thread_blocked, id=24312, stack(0x000000771e000000,0x000000771e100000) (1024K)]
  0x000001b909b09000 JavaThread "File watcher server"        daemon [_thread_in_native, id=24320, stack(0x000000771e100000,0x000000771e200000) (1024K)]
  0x000001b909b07c50 JavaThread "File watcher consumer"      daemon [_thread_blocked, id=24332, stack(0x000000771e200000,0x000000771e300000) (1024K)]
  0x000001b909b0dec0 JavaThread "jar transforms"                    [_thread_blocked, id=24476, stack(0x000000771da00000,0x000000771db00000) (1024K)]
  0x000001b909b0cb10 JavaThread "jar transforms Thread 2"           [_thread_blocked, id=24088, stack(0x000000771de00000,0x000000771df00000) (1024K)]
  0x000001b909b0b760 JavaThread "jar transforms Thread 3"           [_thread_blocked, id=24084, stack(0x000000771e300000,0x000000771e400000) (1024K)]
  0x000001b909b0e550 JavaThread "jar transforms Thread 4"           [_thread_blocked, id=22624, stack(0x000000771e400000,0x000000771e500000) (1024K)]
  0x000001b909b0bdf0 JavaThread "jar transforms Thread 5"           [_thread_blocked, id=7684, stack(0x000000771e500000,0x000000771e600000) (1024K)]
  0x000001b909b0c480 JavaThread "jar transforms Thread 6"           [_thread_blocked, id=24484, stack(0x000000771e600000,0x000000771e700000) (1024K)]
  0x000001b909b0d1a0 JavaThread "jar transforms Thread 7"           [_thread_blocked, id=24488, stack(0x000000771e700000,0x000000771e800000) (1024K)]
  0x000001b909b0d830 JavaThread "jar transforms Thread 8"           [_thread_blocked, id=24496, stack(0x000000771e800000,0x000000771e900000) (1024K)]
  0x000001b90adb70b0 JavaThread "Cache worker for checksums cache (C:\Users\samiu\AndroidStudioProjects\NotificationRelay\.gradle\8.13\checksums)"        [_thread_blocked, id=24524, stack(0x000000771ea00000,0x000000771eb00000) (1024K)]
  0x000001b90adb7dd0 JavaThread "Cache worker for file content cache (C:\Users\samiu\.gradle\caches\8.13\fileContent)"        [_thread_blocked, id=22772, stack(0x000000771eb00000,0x000000771ec00000) (1024K)]
  0x000001b90adb8460 JavaThread "Cache worker for cache directory md-supplier (C:\Users\samiu\.gradle\caches\8.13\md-supplier)"        [_thread_blocked, id=23880, stack(0x000000771ed00000,0x000000771ee00000) (1024K)]
  0x000001b90adb7740 JavaThread "Cache worker for cache directory md-rule (C:\Users\samiu\.gradle\caches\8.13\md-rule)"        [_thread_blocked, id=3004, stack(0x000000771ee00000,0x000000771ef00000) (1024K)]
  0x000001b90adb8af0 JavaThread "Unconstrained build operations"        [_thread_blocked, id=24548, stack(0x000000771ef00000,0x000000771f000000) (1024K)]
  0x000001b90adb9180 JavaThread "Unconstrained build operations Thread 2"        [_thread_blocked, id=24552, stack(0x000000771f000000,0x000000771f100000) (1024K)]
  0x000001b90adb9ea0 JavaThread "Unconstrained build operations Thread 3"        [_thread_blocked, id=15420, stack(0x000000771f100000,0x000000771f200000) (1024K)]
  0x000001b90adb6a20 JavaThread "Unconstrained build operations Thread 4"        [_thread_blocked, id=22064, stack(0x000000771f200000,0x000000771f300000) (1024K)]
  0x000001b90adbb8e0 JavaThread "Unconstrained build operations Thread 5"        [_thread_blocked, id=14140, stack(0x000000771f300000,0x000000771f400000) (1024K)]
  0x000001b90adba530 JavaThread "Unconstrained build operations Thread 6"        [_thread_blocked, id=23996, stack(0x000000771f400000,0x000000771f500000) (1024K)]
  0x000001b90adbbf70 JavaThread "Unconstrained build operations Thread 7"        [_thread_blocked, id=22116, stack(0x000000771f500000,0x000000771f600000) (1024K)]
  0x000001b90adbcc90 JavaThread "Unconstrained build operations Thread 8"        [_thread_blocked, id=16504, stack(0x000000771f600000,0x000000771f700000) (1024K)]
  0x000001b90adbabc0 JavaThread "Unconstrained build operations Thread 9"        [_thread_blocked, id=24068, stack(0x000000771f700000,0x000000771f800000) (1024K)]
  0x000001b90adbb250 JavaThread "Unconstrained build operations Thread 10"        [_thread_blocked, id=24128, stack(0x000000771f800000,0x000000771f900000) (1024K)]
  0x000001b90adbd9b0 JavaThread "Unconstrained build operations Thread 11"        [_thread_blocked, id=12028, stack(0x000000771f900000,0x000000771fa00000) (1024K)]
  0x000001b90bf76320 JavaThread "Unconstrained build operations Thread 12"        [_thread_blocked, id=9448, stack(0x000000771e900000,0x000000771ea00000) (1024K)]
  0x000001b90bf79e30 JavaThread "Unconstrained build operations Thread 13"        [_thread_blocked, id=19024, stack(0x000000771ec00000,0x000000771ed00000) (1024K)]
  0x000001b90bf769b0 JavaThread "Unconstrained build operations Thread 14"        [_thread_blocked, id=10436, stack(0x000000771fa00000,0x000000771fb00000) (1024K)]
  0x000001b90bf7ab50 JavaThread "Unconstrained build operations Thread 15"        [_thread_blocked, id=15848, stack(0x000000771fb00000,0x000000771fc00000) (1024K)]
  0x000001b90bf7a4c0 JavaThread "Unconstrained build operations Thread 16"        [_thread_blocked, id=19756, stack(0x000000771fc00000,0x000000771fd00000) (1024K)]
  0x000001b90bf7cc20 JavaThread "Unconstrained build operations Thread 17"        [_thread_blocked, id=18224, stack(0x000000771fd00000,0x000000771fe00000) (1024K)]
  0x000001b90bf7b870 JavaThread "Unconstrained build operations Thread 18"        [_thread_blocked, id=10132, stack(0x000000771fe00000,0x000000771ff00000) (1024K)]
  0x000001b90fdf0ea0 JavaThread "Kotlin DSL Writer"                 [_thread_blocked, id=24340, stack(0x000000771b300000,0x000000771b400000) (1024K)]
  0x000001b90ea012a0 JavaThread "Unconstrained build operations Thread 19"        [_thread_blocked, id=24288, stack(0x0000007720000000,0x0000007720100000) (1024K)]
  0x000001b90ea04db0 JavaThread "Unconstrained build operations Thread 20"        [_thread_blocked, id=20328, stack(0x0000007720100000,0x0000007720200000) (1024K)]
  0x000001b90ea04090 JavaThread "Unconstrained build operations Thread 21"        [_thread_blocked, id=23780, stack(0x0000007720200000,0x0000007720300000) (1024K)]
  0x000001b90ea03a00 JavaThread "Unconstrained build operations Thread 22"        [_thread_blocked, id=17836, stack(0x0000007720300000,0x0000007720400000) (1024K)]
  0x000001b90d565720 JavaThread "Unconstrained build operations Thread 23"        [_thread_blocked, id=22716, stack(0x0000007720400000,0x0000007720500000) (1024K)]
  0x000001b90d563650 JavaThread "Unconstrained build operations Thread 24"        [_thread_blocked, id=10320, stack(0x0000007720500000,0x0000007720600000) (1024K)]
  0x000001b90d564a00 JavaThread "Unconstrained build operations Thread 25"        [_thread_blocked, id=18376, stack(0x0000007720600000,0x0000007720700000) (1024K)]
  0x000001b90d567e80 JavaThread "Unconstrained build operations Thread 26"        [_thread_blocked, id=23568, stack(0x000000771ff00000,0x0000007720000000) (1024K)]
  0x000001b90d566ad0 JavaThread "Unconstrained build operations Thread 27"        [_thread_blocked, id=23564, stack(0x0000007720700000,0x0000007720800000) (1024K)]
  0x000001b90d567160 JavaThread "Unconstrained build operations Thread 28"        [_thread_blocked, id=14300, stack(0x0000007720800000,0x0000007720900000) (1024K)]
  0x000001b90d5677f0 JavaThread "Unconstrained build operations Thread 29"        [_thread_blocked, id=20220, stack(0x0000007720900000,0x0000007720a00000) (1024K)]
  0x000001b90d568ba0 JavaThread "Unconstrained build operations Thread 30"        [_thread_blocked, id=10876, stack(0x0000007720a00000,0x0000007720b00000) (1024K)]
  0x000001b90c18c370 JavaThread "Unconstrained build operations Thread 31"        [_thread_blocked, id=4016, stack(0x0000007720b00000,0x0000007720c00000) (1024K)]
  0x000001b90c18bce0 JavaThread "Unconstrained build operations Thread 32"        [_thread_blocked, id=22652, stack(0x0000007720c00000,0x0000007720d00000) (1024K)]
  0x000001b90c18b650 JavaThread "Unconstrained build operations Thread 33"        [_thread_blocked, id=21796, stack(0x0000007720d00000,0x0000007720e00000) (1024K)]
  0x000001b90c18ca00 JavaThread "Unconstrained build operations Thread 34"        [_thread_blocked, id=21048, stack(0x0000007720e00000,0x0000007720f00000) (1024K)]
  0x000001b90c18d090 JavaThread "Unconstrained build operations Thread 35"        [_thread_blocked, id=23788, stack(0x0000007720f00000,0x0000007721000000) (1024K)]
  0x000001b90c18d720 JavaThread "Unconstrained build operations Thread 36"        [_thread_blocked, id=9952, stack(0x0000007721000000,0x0000007721100000) (1024K)]
  0x000001b90c18ddb0 JavaThread "Unconstrained build operations Thread 37"        [_thread_blocked, id=16720, stack(0x0000007721100000,0x0000007721200000) (1024K)]
  0x000001b90c18e440 JavaThread "Unconstrained build operations Thread 38"        [_thread_blocked, id=23140, stack(0x0000007721200000,0x0000007721300000) (1024K)]
  0x000001b90c18afc0 JavaThread "Unconstrained build operations Thread 39"        [_thread_blocked, id=10200, stack(0x0000007721300000,0x0000007721400000) (1024K)]
  0x000001b90c190510 JavaThread "Unconstrained build operations Thread 40"        [_thread_blocked, id=19492, stack(0x0000007721400000,0x0000007721500000) (1024K)]
  0x000001b90c18f7f0 JavaThread "Unconstrained build operations Thread 41"        [_thread_blocked, id=20464, stack(0x0000007721500000,0x0000007721600000) (1024K)]
  0x000001b90c18fe80 JavaThread "Unconstrained build operations Thread 42"        [_thread_blocked, id=19300, stack(0x0000007721600000,0x0000007721700000) (1024K)]
  0x000001b90c1918c0 JavaThread "Unconstrained build operations Thread 43"        [_thread_blocked, id=24104, stack(0x0000007721700000,0x0000007721800000) (1024K)]
  0x000001b90bf77040 JavaThread "Unconstrained build operations Thread 44"        [_thread_blocked, id=22060, stack(0x0000007721800000,0x0000007721900000) (1024K)]
  0x000001b90bf783f0 JavaThread "Unconstrained build operations Thread 45"        [_thread_blocked, id=20992, stack(0x0000007721900000,0x0000007721a00000) (1024K)]
  0x000001b90bf78a80 JavaThread "Unconstrained build operations Thread 46"        [_thread_blocked, id=7744, stack(0x0000007721a00000,0x0000007721b00000) (1024K)]
  0x000001b90bf75c90 JavaThread "Unconstrained build operations Thread 47"        [_thread_blocked, id=1112, stack(0x0000007721b00000,0x0000007721c00000) (1024K)]
  0x000001b908d8e1b0 JavaThread "Unconstrained build operations Thread 48"        [_thread_blocked, id=15960, stack(0x0000007721e00000,0x0000007721f00000) (1024K)]
  0x000001b908d8e840 JavaThread "Unconstrained build operations Thread 49"        [_thread_blocked, id=23520, stack(0x0000007721f00000,0x0000007722000000) (1024K)]
  0x000001b908d8eed0 JavaThread "Unconstrained build operations Thread 50"        [_thread_blocked, id=22956, stack(0x0000007722000000,0x0000007722100000) (1024K)]
  0x000001b908d8f560 JavaThread "Unconstrained build operations Thread 51"        [_thread_blocked, id=6384, stack(0x0000007722100000,0x0000007722200000) (1024K)]
  0x000001b90fdf0180 JavaThread "Unconstrained build operations Thread 52"        [_thread_blocked, id=22036, stack(0x0000007722200000,0x0000007722300000) (1024K)]
  0x000001b90fdf1530 JavaThread "Unconstrained build operations Thread 53"        [_thread_blocked, id=10244, stack(0x0000007722500000,0x0000007722600000) (1024K)]
  0x000001b90adb9810 JavaThread "Unconstrained build operations Thread 54"        [_thread_blocked, id=4520, stack(0x0000007722600000,0x0000007722700000) (1024K)]
  0x000001b9085e7410 JavaThread "Unconstrained build operations Thread 55"        [_thread_in_native, id=17936, stack(0x000000771b400000,0x000000771b500000) (1024K)]
  0x000001b9085ea890 JavaThread "Unconstrained build operations Thread 56"        [_thread_in_native, id=6332, stack(0x0000007722300000,0x0000007722400000) (1024K)]
  0x000001b9085e9b70 JavaThread "Unconstrained build operations Thread 57"        [_thread_blocked, id=24404, stack(0x0000007722400000,0x0000007722500000) (1024K)]
  0x000001b9085e94e0 JavaThread "Unconstrained build operations Thread 58"        [_thread_blocked, id=10508, stack(0x0000007722700000,0x0000007722800000) (1024K)]
  0x000001b9085e7aa0 JavaThread "Unconstrained build operations Thread 59"        [_thread_blocked, id=2696, stack(0x0000007722800000,0x0000007722900000) (1024K)]
  0x000001b9085eb5b0 JavaThread "Unconstrained build operations Thread 60"        [_thread_blocked, id=4180, stack(0x0000007722900000,0x0000007722a00000) (1024K)]
  0x000001b9085e8130 JavaThread "Unconstrained build operations Thread 61"        [_thread_blocked, id=24396, stack(0x0000007722a00000,0x0000007722b00000) (1024K)]
Total: 102

Other Threads:
=>0x000001b97f9a4470 VMThread "VM Thread"                           [id=23928, stack(0x000000771bd00000,0x000000771be00000) (1024K)]
  0x000001b97f5b8390 WatcherThread "VM Periodic Task Thread"        [id=23924, stack(0x000000771bc00000,0x000000771bd00000) (1024K)]
  0x000001b96c182af0 WorkerThread "GC Thread#0"                     [id=23776, stack(0x000000771b700000,0x000000771b800000) (1024K)]
  0x000001b9086acdf0 WorkerThread "GC Thread#1"                     [id=23840, stack(0x000000771ca00000,0x000000771cb00000) (1024K)]
  0x000001b90816b260 WorkerThread "GC Thread#2"                     [id=23876, stack(0x000000771cb00000,0x000000771cc00000) (1024K)]
  0x000001b908682190 WorkerThread "GC Thread#3"                     [id=23872, stack(0x000000771cc00000,0x000000771cd00000) (1024K)]
  0x000001b908d9d9c0 WorkerThread "GC Thread#4"                     [id=23844, stack(0x000000771c900000,0x000000771ca00000) (1024K)]
  0x000001b90983c4d0 WorkerThread "GC Thread#5"                     [id=22284, stack(0x000000771cd00000,0x000000771ce00000) (1024K)]
  0x000001b9097410f0 WorkerThread "GC Thread#6"                     [id=24124, stack(0x000000771ce00000,0x000000771cf00000) (1024K)]
  0x000001b9098b1c20 WorkerThread "GC Thread#7"                     [id=24304, stack(0x000000771d500000,0x000000771d600000) (1024K)]
  0x000001b96c194820 ConcurrentGCThread "G1 Main Marker"            [id=23900, stack(0x000000771b800000,0x000000771b900000) (1024K)]
  0x000001b96c1961e0 WorkerThread "G1 Conc#0"                       [id=23904, stack(0x000000771b900000,0x000000771ba00000) (1024K)]
  0x000001b9098b0660 WorkerThread "G1 Conc#1"                       [id=23836, stack(0x000000771d600000,0x000000771d700000) (1024K)]
  0x000001b96c1de8b0 ConcurrentGCThread "G1 Refine#0"               [id=23912, stack(0x000000771ba00000,0x000000771bb00000) (1024K)]
  0x000001b97f4904f0 ConcurrentGCThread "G1 Service"                [id=23916, stack(0x000000771bb00000,0x000000771bc00000) (1024K)]
Total: 15

Threads with active compile tasks:
Total: 0

VM state: at safepoint (normal execution)

VM Mutex/Monitor currently owned by a thread:  ([mutex/lock_event])
[0x00007ffef6a985b8] Threads_lock - owner thread: 0x000001b97f9a4470
[0x00007ffef6a986b8] Heap_lock - owner thread: 0x000001b9085e8130

Heap address: 0x0000000080000000, size: 2048 MB, Compressed Oops mode: 32-bit

CDS archive(s) not mapped
Compressed class space mapped at: 0x0000000100000000-0x0000000140000000, reserved size: 1073741824
Narrow klass base: 0x0000000000000000, Narrow klass shift: 3, Narrow klass range: 0x140000000

GC Precious Log:
 CardTable entry size: 512
 Card Set container configuration: InlinePtr #cards 5 size 8 Array Of Cards #cards 12 size 40 Howl #buckets 4 coarsen threshold 1843 Howl Bitmap #cards 512 size 80 coarsen threshold 460 Card regions per heap region 1 cards per card region 2048
 CPUs: 8 total, 8 available
 Memory: 7811M
 Large Page Support: Disabled
 NUMA Support: Disabled
 Compressed Oops: Enabled (32-bit)
 Heap Region Size: 1M
 Heap Min Capacity: 8M
 Heap Initial Capacity: 124M
 Heap Max Capacity: 2G
 Pre-touch: Disabled
 Parallel Workers: 8
 Concurrent Workers: 2
 Concurrent Refinement Workers: 8
 Periodic GC: Disabled

Heap:
 garbage-first heap   total 651264K, used 353637K [0x0000000080000000, 0x0000000100000000)
  region size 1024K, 10 young (10240K), 10 survivors (10240K)
 Metaspace       used 168510K, committed 170816K, reserved 1245184K
  class space    used 21815K, committed 22912K, reserved 1048576K

Heap Regions: E=young(eden), S=young(survivor), O=old, HS=humongous(starts), HC=humongous(continues), CS=collection set, F=free, TAMS=top-at-mark-start, PB=parsable bottom
|   0|0x0000000080000000, 0x0000000080100000, 0x0000000080100000|100%|HS|  |TAMS 0x0000000080000000| PB 0x0000000080000000| Complete 
|   1|0x0000000080100000, 0x0000000080200000, 0x0000000080200000|100%|HC|  |TAMS 0x0000000080100000| PB 0x0000000080100000| Complete 
|   2|0x0000000080200000, 0x0000000080300000, 0x0000000080300000|100%|HC|  |TAMS 0x0000000080200000| PB 0x0000000080200000| Complete 
|   3|0x0000000080300000, 0x0000000080400000, 0x0000000080400000|100%| O|  |TAMS 0x0000000080300000| PB 0x0000000080300000| Untracked 
|   4|0x0000000080400000, 0x0000000080500000, 0x0000000080500000|100%| O|  |TAMS 0x0000000080400000| PB 0x0000000080400000| Untracked 
|   5|0x0000000080500000, 0x0000000080600000, 0x0000000080600000|100%| O|  |TAMS 0x0000000080500000| PB 0x0000000080500000| Untracked 
|   6|0x0000000080600000, 0x0000000080700000, 0x0000000080700000|100%|HS|  |TAMS 0x0000000080600000| PB 0x0000000080600000| Complete 
|   7|0x0000000080700000, 0x0000000080800000, 0x0000000080800000|100%| O|  |TAMS 0x0000000080700000| PB 0x0000000080700000| Untracked 
|   8|0x0000000080800000, 0x0000000080900000, 0x0000000080900000|100%| O|  |TAMS 0x0000000080800000| PB 0x0000000080800000| Untracked 
|   9|0x0000000080900000, 0x0000000080a00000, 0x0000000080a00000|100%| O|  |TAMS 0x0000000080900000| PB 0x0000000080900000| Untracked 
|  10|0x0000000080a00000, 0x0000000080b00000, 0x0000000080b00000|100%| O|  |TAMS 0x0000000080a00000| PB 0x0000000080a00000| Untracked 
|  11|0x0000000080b00000, 0x0000000080c00000, 0x0000000080c00000|100%| O|  |TAMS 0x0000000080b00000| PB 0x0000000080b00000| Untracked 
|  12|0x0000000080c00000, 0x0000000080d00000, 0x0000000080d00000|100%| O|  |TAMS 0x0000000080c00000| PB 0x0000000080c00000| Untracked 
|  13|0x0000000080d00000, 0x0000000080e00000, 0x0000000080e00000|100%| O|  |TAMS 0x0000000080d00000| PB 0x0000000080d00000| Untracked 
|  14|0x0000000080e00000, 0x0000000080f00000, 0x0000000080f00000|100%| O|  |TAMS 0x0000000080e00000| PB 0x0000000080e00000| Untracked 
|  15|0x0000000080f00000, 0x0000000081000000, 0x0000000081000000|100%| O|  |TAMS 0x0000000080f00000| PB 0x0000000080f00000| Untracked 
|  16|0x0000000081000000, 0x0000000081100000, 0x0000000081100000|100%| O|  |TAMS 0x0000000081000000| PB 0x0000000081000000| Untracked 
|  17|0x0000000081100000, 0x0000000081200000, 0x0000000081200000|100%| O|  |TAMS 0x0000000081100000| PB 0x0000000081100000| Untracked 
|  18|0x0000000081200000, 0x0000000081300000, 0x0000000081300000|100%| O|  |TAMS 0x0000000081200000| PB 0x0000000081200000| Untracked 
|  19|0x0000000081300000, 0x0000000081400000, 0x0000000081400000|100%| O|  |TAMS 0x0000000081300000| PB 0x0000000081300000| Untracked 
|  20|0x0000000081400000, 0x0000000081500000, 0x0000000081500000|100%| O|  |TAMS 0x0000000081400000| PB 0x0000000081400000| Untracked 
|  21|0x0000000081500000, 0x0000000081600000, 0x0000000081600000|100%| O|  |TAMS 0x0000000081500000| PB 0x0000000081500000| Untracked 
|  22|0x0000000081600000, 0x0000000081700000, 0x0000000081700000|100%|HS|  |TAMS 0x0000000081600000| PB 0x0000000081600000| Complete 
|  23|0x0000000081700000, 0x0000000081800000, 0x0000000081800000|100%|HC|  |TAMS 0x0000000081700000| PB 0x0000000081700000| Complete 
|  24|0x0000000081800000, 0x0000000081900000, 0x0000000081900000|100%|HC|  |TAMS 0x0000000081800000| PB 0x0000000081800000| Complete 
|  25|0x0000000081900000, 0x0000000081a00000, 0x0000000081a00000|100%|HC|  |TAMS 0x0000000081900000| PB 0x0000000081900000| Complete 
|  26|0x0000000081a00000, 0x0000000081b00000, 0x0000000081b00000|100%|HC|  |TAMS 0x0000000081a00000| PB 0x0000000081a00000| Complete 
|  27|0x0000000081b00000, 0x0000000081c00000, 0x0000000081c00000|100%|HC|  |TAMS 0x0000000081b00000| PB 0x0000000081b00000| Complete 
|  28|0x0000000081c00000, 0x0000000081d00000, 0x0000000081d00000|100%|HS|  |TAMS 0x0000000081c00000| PB 0x0000000081c00000| Complete 
|  29|0x0000000081d00000, 0x0000000081e00000, 0x0000000081e00000|100%|HS|  |TAMS 0x0000000081d00000| PB 0x0000000081d00000| Complete 
|  30|0x0000000081e00000, 0x0000000081f00000, 0x0000000081f00000|100%|HC|  |TAMS 0x0000000081e00000| PB 0x0000000081e00000| Complete 
|  31|0x0000000081f00000, 0x0000000082000000, 0x0000000082000000|100%|HC|  |TAMS 0x0000000081f00000| PB 0x0000000081f00000| Complete 
|  32|0x0000000082000000, 0x0000000082100000, 0x0000000082100000|100%|HC|  |TAMS 0x0000000082000000| PB 0x0000000082000000| Complete 
|  33|0x0000000082100000, 0x0000000082200000, 0x0000000082200000|100%|HS|  |TAMS 0x0000000082100000| PB 0x0000000082100000| Complete 
|  34|0x0000000082200000, 0x0000000082300000, 0x0000000082300000|100%|HC|  |TAMS 0x0000000082200000| PB 0x0000000082200000| Complete 
|  35|0x0000000082300000, 0x0000000082400000, 0x0000000082400000|100%|HS|  |TAMS 0x0000000082300000| PB 0x0000000082300000| Complete 
|  36|0x0000000082400000, 0x0000000082500000, 0x0000000082500000|100%|HS|  |TAMS 0x0000000082400000| PB 0x0000000082400000| Complete 
|  37|0x0000000082500000, 0x0000000082600000, 0x0000000082600000|100%|HS|  |TAMS 0x0000000082500000| PB 0x0000000082500000| Complete 
|  38|0x0000000082600000, 0x0000000082700000, 0x0000000082700000|100%|HC|  |TAMS 0x0000000082600000| PB 0x0000000082600000| Complete 
|  39|0x0000000082700000, 0x0000000082800000, 0x0000000082800000|100%|HS|  |TAMS 0x0000000082700000| PB 0x0000000082700000| Complete 
|  40|0x0000000082800000, 0x0000000082900000, 0x0000000082900000|100%| O|  |TAMS 0x0000000082800000| PB 0x0000000082800000| Untracked 
|  41|0x0000000082900000, 0x0000000082a00000, 0x0000000082a00000|100%| O|  |TAMS 0x0000000082900000| PB 0x0000000082900000| Untracked 
|  42|0x0000000082a00000, 0x0000000082b00000, 0x0000000082b00000|100%| O|  |TAMS 0x0000000082a00000| PB 0x0000000082a00000| Untracked 
|  43|0x0000000082b00000, 0x0000000082c00000, 0x0000000082c00000|100%| O|  |TAMS 0x0000000082b00000| PB 0x0000000082b00000| Untracked 
|  44|0x0000000082c00000, 0x0000000082d00000, 0x0000000082d00000|100%| O|  |TAMS 0x0000000082c00000| PB 0x0000000082c00000| Untracked 
|  45|0x0000000082d00000, 0x0000000082e00000, 0x0000000082e00000|100%|HS|  |TAMS 0x0000000082d00000| PB 0x0000000082d00000| Complete 
|  46|0x0000000082e00000, 0x0000000082f00000, 0x0000000082f00000|100%|HC|  |TAMS 0x0000000082e00000| PB 0x0000000082e00000| Complete 
|  47|0x0000000082f00000, 0x0000000083000000, 0x0000000083000000|100%|HC|  |TAMS 0x0000000082f00000| PB 0x0000000082f00000| Complete 
|  48|0x0000000083000000, 0x0000000083100000, 0x0000000083100000|100%|HC|  |TAMS 0x0000000083000000| PB 0x0000000083000000| Complete 
|  49|0x0000000083100000, 0x0000000083200000, 0x0000000083200000|100%|HC|  |TAMS 0x0000000083100000| PB 0x0000000083100000| Complete 
|  50|0x0000000083200000, 0x0000000083300000, 0x0000000083300000|100%|HC|  |TAMS 0x0000000083200000| PB 0x0000000083200000| Complete 
|  51|0x0000000083300000, 0x0000000083400000, 0x0000000083400000|100%|HS|  |TAMS 0x0000000083300000| PB 0x0000000083300000| Complete 
|  52|0x0000000083400000, 0x0000000083500000, 0x0000000083500000|100%|HC|  |TAMS 0x0000000083400000| PB 0x0000000083400000| Complete 
|  53|0x0000000083500000, 0x0000000083600000, 0x0000000083600000|100%|HC|  |TAMS 0x0000000083500000| PB 0x0000000083500000| Complete 
|  54|0x0000000083600000, 0x0000000083700000, 0x0000000083700000|100%|HC|  |TAMS 0x0000000083600000| PB 0x0000000083600000| Complete 
|  55|0x0000000083700000, 0x0000000083800000, 0x0000000083800000|100%| O|  |TAMS 0x0000000083700000| PB 0x0000000083700000| Untracked 
|  56|0x0000000083800000, 0x0000000083900000, 0x0000000083900000|100%| O|  |TAMS 0x0000000083800000| PB 0x0000000083800000| Untracked 
|  57|0x0000000083900000, 0x0000000083a00000, 0x0000000083a00000|100%| O|  |TAMS 0x0000000083900000| PB 0x0000000083900000| Untracked 
|  58|0x0000000083a00000, 0x0000000083b00000, 0x0000000083b00000|100%| O|  |TAMS 0x0000000083a00000| PB 0x0000000083a00000| Untracked 
|  59|0x0000000083b00000, 0x0000000083c00000, 0x0000000083c00000|100%| O|  |TAMS 0x0000000083b00000| PB 0x0000000083b00000| Untracked 
|  60|0x0000000083c00000, 0x0000000083d00000, 0x0000000083d00000|100%| O|  |TAMS 0x0000000083c00000| PB 0x0000000083c00000| Untracked 
|  61|0x0000000083d00000, 0x0000000083e00000, 0x0000000083e00000|100%| O|  |TAMS 0x0000000083d00000| PB 0x0000000083d00000| Untracked 
|  62|0x0000000083e00000, 0x0000000083f00000, 0x0000000083f00000|100%| O|  |TAMS 0x0000000083e00000| PB 0x0000000083e00000| Untracked 
|  63|0x0000000083f00000, 0x0000000084000000, 0x0000000084000000|100%| O|  |TAMS 0x0000000083f00000| PB 0x0000000083f00000| Untracked 
|  64|0x0000000084000000, 0x0000000084100000, 0x0000000084100000|100%| O|  |TAMS 0x0000000084000000| PB 0x0000000084000000| Untracked 
|  65|0x0000000084100000, 0x0000000084200000, 0x0000000084200000|100%| O|  |TAMS 0x0000000084100000| PB 0x0000000084100000| Untracked 
|  66|0x0000000084200000, 0x0000000084300000, 0x0000000084300000|100%| O|  |TAMS 0x0000000084200000| PB 0x0000000084200000| Untracked 
|  67|0x0000000084300000, 0x0000000084400000, 0x0000000084400000|100%| O|  |TAMS 0x0000000084300000| PB 0x0000000084300000| Untracked 
|  68|0x0000000084400000, 0x0000000084500000, 0x0000000084500000|100%| O|  |TAMS 0x0000000084400000| PB 0x0000000084400000| Untracked 
|  69|0x0000000084500000, 0x0000000084600000, 0x0000000084600000|100%| O|  |TAMS 0x0000000084500000| PB 0x0000000084500000| Untracked 
|  70|0x0000000084600000, 0x0000000084700000, 0x0000000084700000|100%| O|  |TAMS 0x0000000084600000| PB 0x0000000084600000| Untracked 
|  71|0x0000000084700000, 0x0000000084800000, 0x0000000084800000|100%| O|  |TAMS 0x0000000084700000| PB 0x0000000084700000| Untracked 
|  72|0x0000000084800000, 0x0000000084900000, 0x0000000084900000|100%| O|  |TAMS 0x0000000084800000| PB 0x0000000084800000| Untracked 
|  73|0x0000000084900000, 0x0000000084a00000, 0x0000000084a00000|100%| O|  |TAMS 0x0000000084900000| PB 0x0000000084900000| Untracked 
|  74|0x0000000084a00000, 0x0000000084b00000, 0x0000000084b00000|100%|HS|  |TAMS 0x0000000084a00000| PB 0x0000000084a00000| Complete 
|  75|0x0000000084b00000, 0x0000000084c00000, 0x0000000084c00000|100%|HS|  |TAMS 0x0000000084b00000| PB 0x0000000084b00000| Complete 
|  76|0x0000000084c00000, 0x0000000084d00000, 0x0000000084d00000|100%|HC|  |TAMS 0x0000000084c00000| PB 0x0000000084c00000| Complete 
|  77|0x0000000084d00000, 0x0000000084e00000, 0x0000000084e00000|100%| O|  |TAMS 0x0000000084d00000| PB 0x0000000084d00000| Untracked 
|  78|0x0000000084e00000, 0x0000000084f00000, 0x0000000084f00000|100%| O|  |TAMS 0x0000000084e00000| PB 0x0000000084e00000| Untracked 
|  79|0x0000000084f00000, 0x0000000085000000, 0x0000000085000000|100%| O|  |TAMS 0x0000000084f00000| PB 0x0000000084f00000| Untracked 
|  80|0x0000000085000000, 0x0000000085100000, 0x0000000085100000|100%| O|  |TAMS 0x0000000085000000| PB 0x0000000085000000| Untracked 
|  81|0x0000000085100000, 0x0000000085200000, 0x0000000085200000|100%| O|  |TAMS 0x0000000085100000| PB 0x0000000085100000| Untracked 
|  82|0x0000000085200000, 0x0000000085300000, 0x0000000085300000|100%| O|  |TAMS 0x0000000085200000| PB 0x0000000085200000| Untracked 
|  83|0x0000000085300000, 0x0000000085400000, 0x0000000085400000|100%| O|  |TAMS 0x0000000085300000| PB 0x0000000085300000| Untracked 
|  84|0x0000000085400000, 0x0000000085500000, 0x0000000085500000|100%| O|  |TAMS 0x0000000085400000| PB 0x0000000085400000| Untracked 
|  85|0x0000000085500000, 0x0000000085600000, 0x0000000085600000|100%| O|  |TAMS 0x0000000085500000| PB 0x0000000085500000| Untracked 
|  86|0x0000000085600000, 0x0000000085700000, 0x0000000085700000|100%| O|  |TAMS 0x0000000085600000| PB 0x0000000085600000| Untracked 
|  87|0x0000000085700000, 0x0000000085800000, 0x0000000085800000|100%| O|  |TAMS 0x0000000085700000| PB 0x0000000085700000| Untracked 
|  88|0x0000000085800000, 0x0000000085900000, 0x0000000085900000|100%| O|  |TAMS 0x0000000085800000| PB 0x0000000085800000| Untracked 
|  89|0x0000000085900000, 0x0000000085a00000, 0x0000000085a00000|100%| O|  |TAMS 0x0000000085900000| PB 0x0000000085900000| Untracked 
|  90|0x0000000085a00000, 0x0000000085b00000, 0x0000000085b00000|100%| O|  |TAMS 0x0000000085a00000| PB 0x0000000085a00000| Untracked 
|  91|0x0000000085b00000, 0x0000000085c00000, 0x0000000085c00000|100%| O|  |TAMS 0x0000000085b00000| PB 0x0000000085b00000| Untracked 
|  92|0x0000000085c00000, 0x0000000085d00000, 0x0000000085d00000|100%| O|  |TAMS 0x0000000085c00000| PB 0x0000000085c00000| Untracked 
|  93|0x0000000085d00000, 0x0000000085e00000, 0x0000000085e00000|100%| O|  |TAMS 0x0000000085d00000| PB 0x0000000085d00000| Untracked 
|  94|0x0000000085e00000, 0x0000000085f00000, 0x0000000085f00000|100%| O|  |TAMS 0x0000000085e00000| PB 0x0000000085e00000| Untracked 
|  95|0x0000000085f00000, 0x0000000086000000, 0x0000000086000000|100%| O|  |TAMS 0x0000000085f00000| PB 0x0000000085f00000| Untracked 
|  96|0x0000000086000000, 0x0000000086100000, 0x0000000086100000|100%| O|  |TAMS 0x0000000086000000| PB 0x0000000086000000| Untracked 
|  97|0x0000000086100000, 0x0000000086200000, 0x0000000086200000|100%| O|  |TAMS 0x0000000086100000| PB 0x0000000086100000| Untracked 
|  98|0x0000000086200000, 0x0000000086300000, 0x0000000086300000|100%| O|  |TAMS 0x0000000086200000| PB 0x0000000086200000| Untracked 
|  99|0x0000000086300000, 0x0000000086400000, 0x0000000086400000|100%| O|  |TAMS 0x0000000086300000| PB 0x0000000086300000| Untracked 
| 100|0x0000000086400000, 0x0000000086500000, 0x0000000086500000|100%| O|  |TAMS 0x0000000086400000| PB 0x0000000086400000| Untracked 
| 101|0x0000000086500000, 0x0000000086600000, 0x0000000086600000|100%| O|  |TAMS 0x0000000086500000| PB 0x0000000086500000| Untracked 
| 102|0x0000000086600000, 0x0000000086700000, 0x0000000086700000|100%| O|  |TAMS 0x0000000086600000| PB 0x0000000086600000| Untracked 
| 103|0x0000000086700000, 0x0000000086800000, 0x0000000086800000|100%| O|  |TAMS 0x0000000086700000| PB 0x0000000086700000| Untracked 
| 104|0x0000000086800000, 0x0000000086900000, 0x0000000086900000|100%| O|  |TAMS 0x0000000086800000| PB 0x0000000086800000| Untracked 
| 105|0x0000000086900000, 0x0000000086a00000, 0x0000000086a00000|100%| O|  |TAMS 0x0000000086900000| PB 0x0000000086900000| Untracked 
| 106|0x0000000086a00000, 0x0000000086b00000, 0x0000000086b00000|100%| O|  |TAMS 0x0000000086a00000| PB 0x0000000086a00000| Untracked 
| 107|0x0000000086b00000, 0x0000000086c00000, 0x0000000086c00000|100%| O|  |TAMS 0x0000000086b00000| PB 0x0000000086b00000| Untracked 
| 108|0x0000000086c00000, 0x0000000086d00000, 0x0000000086d00000|100%| O|  |TAMS 0x0000000086c00000| PB 0x0000000086c00000| Untracked 
| 109|0x0000000086d00000, 0x0000000086e00000, 0x0000000086e00000|100%| O|  |TAMS 0x0000000086d00000| PB 0x0000000086d00000| Untracked 
| 110|0x0000000086e00000, 0x0000000086f00000, 0x0000000086f00000|100%| O|  |TAMS 0x0000000086e00000| PB 0x0000000086e00000| Untracked 
| 111|0x0000000086f00000, 0x0000000087000000, 0x0000000087000000|100%| O|  |TAMS 0x0000000086f00000| PB 0x0000000086f00000| Untracked 
| 112|0x0000000087000000, 0x0000000087100000, 0x0000000087100000|100%| O|  |TAMS 0x0000000087000000| PB 0x0000000087000000| Untracked 
| 113|0x0000000087100000, 0x0000000087200000, 0x0000000087200000|100%| O|  |TAMS 0x0000000087100000| PB 0x0000000087100000| Untracked 
| 114|0x0000000087200000, 0x0000000087300000, 0x0000000087300000|100%| O|  |TAMS 0x0000000087200000| PB 0x0000000087200000| Untracked 
| 115|0x0000000087300000, 0x0000000087400000, 0x0000000087400000|100%| O|  |TAMS 0x0000000087300000| PB 0x0000000087300000| Untracked 
| 116|0x0000000087400000, 0x0000000087500000, 0x0000000087500000|100%| O|  |TAMS 0x0000000087400000| PB 0x0000000087400000| Untracked 
| 117|0x0000000087500000, 0x0000000087600000, 0x0000000087600000|100%| O|  |TAMS 0x0000000087500000| PB 0x0000000087500000| Untracked 
| 118|0x0000000087600000, 0x0000000087700000, 0x0000000087700000|100%| O|  |TAMS 0x0000000087600000| PB 0x0000000087600000| Untracked 
| 119|0x0000000087700000, 0x0000000087800000, 0x0000000087800000|100%| O|  |TAMS 0x0000000087700000| PB 0x0000000087700000| Untracked 
| 120|0x0000000087800000, 0x0000000087900000, 0x0000000087900000|100%| O|  |TAMS 0x0000000087800000| PB 0x0000000087800000| Untracked 
| 121|0x0000000087900000, 0x0000000087a00000, 0x0000000087a00000|100%| O|  |TAMS 0x0000000087900000| PB 0x0000000087900000| Untracked 
| 122|0x0000000087a00000, 0x0000000087b00000, 0x0000000087b00000|100%| O|  |TAMS 0x0000000087a00000| PB 0x0000000087a00000| Untracked 
| 123|0x0000000087b00000, 0x0000000087c00000, 0x0000000087c00000|100%|HS|  |TAMS 0x0000000087b00000| PB 0x0000000087b00000| Complete 
| 124|0x0000000087c00000, 0x0000000087d00000, 0x0000000087d00000|100%| O|  |TAMS 0x0000000087c00000| PB 0x0000000087c00000| Untracked 
| 125|0x0000000087d00000, 0x0000000087e00000, 0x0000000087e00000|100%| O|  |TAMS 0x0000000087d00000| PB 0x0000000087d00000| Untracked 
| 126|0x0000000087e00000, 0x0000000087f00000, 0x0000000087f00000|100%|HS|  |TAMS 0x0000000087e00000| PB 0x0000000087e00000| Complete 
| 127|0x0000000087f00000, 0x0000000088000000, 0x0000000088000000|100%| O|  |TAMS 0x0000000087f00000| PB 0x0000000087f00000| Untracked 
| 128|0x0000000088000000, 0x0000000088100000, 0x0000000088100000|100%| O|  |TAMS 0x0000000088000000| PB 0x0000000088000000| Untracked 
| 129|0x0000000088100000, 0x0000000088200000, 0x0000000088200000|100%| O|  |TAMS 0x0000000088100000| PB 0x0000000088100000| Untracked 
| 130|0x0000000088200000, 0x0000000088300000, 0x0000000088300000|100%| O|  |TAMS 0x0000000088200000| PB 0x0000000088200000| Untracked 
| 131|0x0000000088300000, 0x0000000088400000, 0x0000000088400000|100%| O|  |TAMS 0x0000000088300000| PB 0x0000000088300000| Untracked 
| 132|0x0000000088400000, 0x0000000088500000, 0x0000000088500000|100%| O|  |TAMS 0x0000000088400000| PB 0x0000000088400000| Untracked 
| 133|0x0000000088500000, 0x0000000088600000, 0x0000000088600000|100%| O|  |TAMS 0x0000000088500000| PB 0x0000000088500000| Untracked 
| 134|0x0000000088600000, 0x0000000088700000, 0x0000000088700000|100%| O|  |TAMS 0x0000000088600000| PB 0x0000000088600000| Untracked 
| 135|0x0000000088700000, 0x0000000088800000, 0x0000000088800000|100%| O|  |TAMS 0x0000000088700000| PB 0x0000000088700000| Untracked 
| 136|0x0000000088800000, 0x0000000088900000, 0x0000000088900000|100%| O|  |TAMS 0x0000000088800000| PB 0x0000000088800000| Untracked 
| 137|0x0000000088900000, 0x0000000088a00000, 0x0000000088a00000|100%| O|  |TAMS 0x0000000088900000| PB 0x0000000088900000| Untracked 
| 138|0x0000000088a00000, 0x0000000088b00000, 0x0000000088b00000|100%| O|  |TAMS 0x0000000088a00000| PB 0x0000000088a00000| Untracked 
| 139|0x0000000088b00000, 0x0000000088c00000, 0x0000000088c00000|100%| O|  |TAMS 0x0000000088b00000| PB 0x0000000088b00000| Untracked 
| 140|0x0000000088c00000, 0x0000000088d00000, 0x0000000088d00000|100%| O|  |TAMS 0x0000000088c00000| PB 0x0000000088c00000| Untracked 
| 141|0x0000000088d00000, 0x0000000088e00000, 0x0000000088e00000|100%| O|  |TAMS 0x0000000088d00000| PB 0x0000000088d00000| Untracked 
| 142|0x0000000088e00000, 0x0000000088f00000, 0x0000000088f00000|100%| O|  |TAMS 0x0000000088e00000| PB 0x0000000088e00000| Untracked 
| 143|0x0000000088f00000, 0x0000000089000000, 0x0000000089000000|100%|HS|  |TAMS 0x0000000088f00000| PB 0x0000000088f00000| Complete 
| 144|0x0000000089000000, 0x0000000089100000, 0x0000000089100000|100%|HC|  |TAMS 0x0000000089000000| PB 0x0000000089000000| Complete 
| 145|0x0000000089100000, 0x0000000089200000, 0x0000000089200000|100%|HC|  |TAMS 0x0000000089100000| PB 0x0000000089100000| Complete 
| 146|0x0000000089200000, 0x0000000089300000, 0x0000000089300000|100%|HC|  |TAMS 0x0000000089200000| PB 0x0000000089200000| Complete 
| 147|0x0000000089300000, 0x0000000089400000, 0x0000000089400000|100%|HC|  |TAMS 0x0000000089300000| PB 0x0000000089300000| Complete 
| 148|0x0000000089400000, 0x0000000089500000, 0x0000000089500000|100%|HC|  |TAMS 0x0000000089400000| PB 0x0000000089400000| Complete 
| 149|0x0000000089500000, 0x0000000089600000, 0x0000000089600000|100%| O|  |TAMS 0x0000000089500000| PB 0x0000000089500000| Untracked 
| 150|0x0000000089600000, 0x0000000089700000, 0x0000000089700000|100%| O|  |TAMS 0x0000000089600000| PB 0x0000000089600000| Untracked 
| 151|0x0000000089700000, 0x0000000089800000, 0x0000000089800000|100%|HS|  |TAMS 0x0000000089700000| PB 0x0000000089700000| Complete 
| 152|0x0000000089800000, 0x0000000089900000, 0x0000000089900000|100%|HC|  |TAMS 0x0000000089800000| PB 0x0000000089800000| Complete 
| 153|0x0000000089900000, 0x0000000089a00000, 0x0000000089a00000|100%|HC|  |TAMS 0x0000000089900000| PB 0x0000000089900000| Complete 
| 154|0x0000000089a00000, 0x0000000089b00000, 0x0000000089b00000|100%|HC|  |TAMS 0x0000000089a00000| PB 0x0000000089a00000| Complete 
| 155|0x0000000089b00000, 0x0000000089c00000, 0x0000000089c00000|100%|HC|  |TAMS 0x0000000089b00000| PB 0x0000000089b00000| Complete 
| 156|0x0000000089c00000, 0x0000000089d00000, 0x0000000089d00000|100%|HC|  |TAMS 0x0000000089c00000| PB 0x0000000089c00000| Complete 
| 157|0x0000000089d00000, 0x0000000089e00000, 0x0000000089e00000|100%| O|  |TAMS 0x0000000089d00000| PB 0x0000000089d00000| Untracked 
| 158|0x0000000089e00000, 0x0000000089f00000, 0x0000000089f00000|100%| O|  |TAMS 0x0000000089e00000| PB 0x0000000089e00000| Untracked 
| 159|0x0000000089f00000, 0x000000008a000000, 0x000000008a000000|100%|HS|  |TAMS 0x0000000089f00000| PB 0x0000000089f00000| Complete 
| 160|0x000000008a000000, 0x000000008a100000, 0x000000008a100000|100%| O|  |TAMS 0x000000008a000000| PB 0x000000008a000000| Untracked 
| 161|0x000000008a100000, 0x000000008a200000, 0x000000008a200000|100%| O|  |TAMS 0x000000008a100000| PB 0x000000008a100000| Untracked 
| 162|0x000000008a200000, 0x000000008a300000, 0x000000008a300000|100%| O|  |TAMS 0x000000008a200000| PB 0x000000008a200000| Untracked 
| 163|0x000000008a300000, 0x000000008a400000, 0x000000008a400000|100%| O|  |TAMS 0x000000008a300000| PB 0x000000008a300000| Untracked 
| 164|0x000000008a400000, 0x000000008a500000, 0x000000008a500000|100%| O|  |TAMS 0x000000008a400000| PB 0x000000008a400000| Untracked 
| 165|0x000000008a500000, 0x000000008a600000, 0x000000008a600000|100%| O|  |TAMS 0x000000008a500000| PB 0x000000008a500000| Untracked 
| 166|0x000000008a600000, 0x000000008a700000, 0x000000008a700000|100%| O|  |TAMS 0x000000008a600000| PB 0x000000008a600000| Untracked 
| 167|0x000000008a700000, 0x000000008a800000, 0x000000008a800000|100%| O|  |TAMS 0x000000008a700000| PB 0x000000008a700000| Untracked 
| 168|0x000000008a800000, 0x000000008a900000, 0x000000008a900000|100%| O|  |TAMS 0x000000008a800000| PB 0x000000008a800000| Untracked 
| 169|0x000000008a900000, 0x000000008aa00000, 0x000000008aa00000|100%| O|  |TAMS 0x000000008a900000| PB 0x000000008a900000| Untracked 
| 170|0x000000008aa00000, 0x000000008ab00000, 0x000000008ab00000|100%| O|  |TAMS 0x000000008aa00000| PB 0x000000008aa00000| Untracked 
| 171|0x000000008ab00000, 0x000000008ac00000, 0x000000008ac00000|100%| O|  |TAMS 0x000000008ab00000| PB 0x000000008ab00000| Untracked 
| 172|0x000000008ac00000, 0x000000008ad00000, 0x000000008ad00000|100%| O|  |TAMS 0x000000008ac00000| PB 0x000000008ac00000| Untracked 
| 173|0x000000008ad00000, 0x000000008ae00000, 0x000000008ae00000|100%| O|  |TAMS 0x000000008ad00000| PB 0x000000008ad00000| Untracked 
| 174|0x000000008ae00000, 0x000000008af00000, 0x000000008af00000|100%|HS|  |TAMS 0x000000008ae00000| PB 0x000000008ae00000| Complete 
| 175|0x000000008af00000, 0x000000008b000000, 0x000000008b000000|100%|HC|  |TAMS 0x000000008af00000| PB 0x000000008af00000| Complete 
| 176|0x000000008b000000, 0x000000008b100000, 0x000000008b100000|100%|HC|  |TAMS 0x000000008b000000| PB 0x000000008b000000| Complete 
| 177|0x000000008b100000, 0x000000008b200000, 0x000000008b200000|100%|HC|  |TAMS 0x000000008b100000| PB 0x000000008b100000| Complete 
| 178|0x000000008b200000, 0x000000008b300000, 0x000000008b300000|100%|HC|  |TAMS 0x000000008b200000| PB 0x000000008b200000| Complete 
| 179|0x000000008b300000, 0x000000008b400000, 0x000000008b400000|100%|HC|  |TAMS 0x000000008b300000| PB 0x000000008b300000| Complete 
| 180|0x000000008b400000, 0x000000008b500000, 0x000000008b500000|100%| O|  |TAMS 0x000000008b400000| PB 0x000000008b400000| Untracked 
| 181|0x000000008b500000, 0x000000008b600000, 0x000000008b600000|100%| O|  |TAMS 0x000000008b500000| PB 0x000000008b500000| Untracked 
| 182|0x000000008b600000, 0x000000008b700000, 0x000000008b700000|100%| O|  |TAMS 0x000000008b600000| PB 0x000000008b600000| Untracked 
| 183|0x000000008b700000, 0x000000008b800000, 0x000000008b800000|100%| O|  |TAMS 0x000000008b700000| PB 0x000000008b700000| Untracked 
| 184|0x000000008b800000, 0x000000008b900000, 0x000000008b900000|100%| O|  |TAMS 0x000000008b800000| PB 0x000000008b800000| Untracked 
| 185|0x000000008b900000, 0x000000008ba00000, 0x000000008ba00000|100%| O|  |TAMS 0x000000008b900000| PB 0x000000008b900000| Untracked 
| 186|0x000000008ba00000, 0x000000008bb00000, 0x000000008bb00000|100%| O|  |TAMS 0x000000008ba00000| PB 0x000000008ba00000| Untracked 
| 187|0x000000008bb00000, 0x000000008bc00000, 0x000000008bc00000|100%| O|  |TAMS 0x000000008bb00000| PB 0x000000008bb00000| Untracked 
| 188|0x000000008bc00000, 0x000000008bd00000, 0x000000008bd00000|100%| O|  |TAMS 0x000000008bc00000| PB 0x000000008bc00000| Untracked 
| 189|0x000000008bd00000, 0x000000008be00000, 0x000000008be00000|100%| O|  |TAMS 0x000000008bd00000| PB 0x000000008bd00000| Untracked 
| 190|0x000000008be00000, 0x000000008bf00000, 0x000000008bf00000|100%| O|  |TAMS 0x000000008be00000| PB 0x000000008be00000| Untracked 
| 191|0x000000008bf00000, 0x000000008c000000, 0x000000008c000000|100%| O|  |TAMS 0x000000008bf00000| PB 0x000000008bf00000| Untracked 
| 192|0x000000008c000000, 0x000000008c100000, 0x000000008c100000|100%| O|  |TAMS 0x000000008c000000| PB 0x000000008c000000| Untracked 
| 193|0x000000008c100000, 0x000000008c200000, 0x000000008c200000|100%| O|  |TAMS 0x000000008c100000| PB 0x000000008c100000| Untracked 
| 194|0x000000008c200000, 0x000000008c300000, 0x000000008c300000|100%| O|  |TAMS 0x000000008c200000| PB 0x000000008c200000| Untracked 
| 195|0x000000008c300000, 0x000000008c400000, 0x000000008c400000|100%| O|  |TAMS 0x000000008c300000| PB 0x000000008c300000| Untracked 
| 196|0x000000008c400000, 0x000000008c500000, 0x000000008c500000|100%| O|  |TAMS 0x000000008c400000| PB 0x000000008c400000| Untracked 
| 197|0x000000008c500000, 0x000000008c600000, 0x000000008c600000|100%| O|  |TAMS 0x000000008c500000| PB 0x000000008c500000| Untracked 
| 198|0x000000008c600000, 0x000000008c700000, 0x000000008c700000|100%| O|  |TAMS 0x000000008c600000| PB 0x000000008c600000| Untracked 
| 199|0x000000008c700000, 0x000000008c800000, 0x000000008c800000|100%| O|  |TAMS 0x000000008c700000| PB 0x000000008c700000| Untracked 
| 200|0x000000008c800000, 0x000000008c900000, 0x000000008c900000|100%| O|  |TAMS 0x000000008c800000| PB 0x000000008c800000| Untracked 
| 201|0x000000008c900000, 0x000000008ca00000, 0x000000008ca00000|100%| O|  |TAMS 0x000000008c900000| PB 0x000000008c900000| Untracked 
| 202|0x000000008ca00000, 0x000000008cb00000, 0x000000008cb00000|100%| O|  |TAMS 0x000000008ca00000| PB 0x000000008ca00000| Untracked 
| 203|0x000000008cb00000, 0x000000008cc00000, 0x000000008cc00000|100%| O|  |TAMS 0x000000008cb00000| PB 0x000000008cb00000| Untracked 
| 204|0x000000008cc00000, 0x000000008cd00000, 0x000000008cd00000|100%| O|  |TAMS 0x000000008cc00000| PB 0x000000008cc00000| Untracked 
| 205|0x000000008cd00000, 0x000000008ce00000, 0x000000008ce00000|100%| O|  |TAMS 0x000000008cd00000| PB 0x000000008cd00000| Untracked 
| 206|0x000000008ce00000, 0x000000008cf00000, 0x000000008cf00000|100%| O|  |TAMS 0x000000008ce00000| PB 0x000000008ce00000| Untracked 
| 207|0x000000008cf00000, 0x000000008d000000, 0x000000008d000000|100%| O|  |TAMS 0x000000008cf00000| PB 0x000000008cf00000| Untracked 
| 208|0x000000008d000000, 0x000000008d100000, 0x000000008d100000|100%|HS|  |TAMS 0x000000008d000000| PB 0x000000008d000000| Complete 
| 209|0x000000008d100000, 0x000000008d200000, 0x000000008d200000|100%|HC|  |TAMS 0x000000008d100000| PB 0x000000008d100000| Complete 
| 210|0x000000008d200000, 0x000000008d300000, 0x000000008d300000|100%| O|  |TAMS 0x000000008d200000| PB 0x000000008d200000| Untracked 
| 211|0x000000008d300000, 0x000000008d400000, 0x000000008d400000|100%| O|  |TAMS 0x000000008d300000| PB 0x000000008d300000| Untracked 
| 212|0x000000008d400000, 0x000000008d500000, 0x000000008d500000|100%| O|  |TAMS 0x000000008d400000| PB 0x000000008d400000| Untracked 
| 213|0x000000008d500000, 0x000000008d600000, 0x000000008d600000|100%|HS|  |TAMS 0x000000008d500000| PB 0x000000008d500000| Complete 
| 214|0x000000008d600000, 0x000000008d700000, 0x000000008d700000|100%|HS|  |TAMS 0x000000008d600000| PB 0x000000008d600000| Complete 
| 215|0x000000008d700000, 0x000000008d800000, 0x000000008d800000|100%| O|  |TAMS 0x000000008d700000| PB 0x000000008d700000| Untracked 
| 216|0x000000008d800000, 0x000000008d900000, 0x000000008d900000|100%| O|  |TAMS 0x000000008d800000| PB 0x000000008d800000| Untracked 
| 217|0x000000008d900000, 0x000000008da00000, 0x000000008da00000|100%| O|  |TAMS 0x000000008d900000| PB 0x000000008d900000| Untracked 
| 218|0x000000008da00000, 0x000000008db00000, 0x000000008db00000|100%| O|  |TAMS 0x000000008da00000| PB 0x000000008da00000| Untracked 
| 219|0x000000008db00000, 0x000000008dc00000, 0x000000008dc00000|100%| O|  |TAMS 0x000000008db00000| PB 0x000000008db00000| Untracked 
| 220|0x000000008dc00000, 0x000000008dd00000, 0x000000008dd00000|100%| O|  |TAMS 0x000000008dc00000| PB 0x000000008dc00000| Untracked 
| 221|0x000000008dd00000, 0x000000008de00000, 0x000000008de00000|100%| O|  |TAMS 0x000000008dd00000| PB 0x000000008dd00000| Untracked 
| 222|0x000000008de00000, 0x000000008df00000, 0x000000008df00000|100%| O|  |TAMS 0x000000008de00000| PB 0x000000008de00000| Untracked 
| 223|0x000000008df00000, 0x000000008e000000, 0x000000008e000000|100%| O|  |TAMS 0x000000008df00000| PB 0x000000008df00000| Untracked 
| 224|0x000000008e000000, 0x000000008e100000, 0x000000008e100000|100%| O|  |TAMS 0x000000008e000000| PB 0x000000008e000000| Untracked 
| 225|0x000000008e100000, 0x000000008e200000, 0x000000008e200000|100%| O|  |TAMS 0x000000008e100000| PB 0x000000008e100000| Untracked 
| 226|0x000000008e200000, 0x000000008e300000, 0x000000008e300000|100%| O|  |TAMS 0x000000008e200000| PB 0x000000008e200000| Untracked 
| 227|0x000000008e300000, 0x000000008e400000, 0x000000008e400000|100%| O|  |TAMS 0x000000008e300000| PB 0x000000008e300000| Untracked 
| 228|0x000000008e400000, 0x000000008e500000, 0x000000008e500000|100%| O|  |TAMS 0x000000008e400000| PB 0x000000008e400000| Untracked 
| 229|0x000000008e500000, 0x000000008e500000, 0x000000008e600000|  0%| F|  |TAMS 0x000000008e500000| PB 0x000000008e500000| Untracked 
| 230|0x000000008e600000, 0x000000008e700000, 0x000000008e700000|100%| O|  |TAMS 0x000000008e600000| PB 0x000000008e600000| Untracked 
| 231|0x000000008e700000, 0x000000008e800000, 0x000000008e800000|100%| O|  |TAMS 0x000000008e700000| PB 0x000000008e700000| Untracked 
| 232|0x000000008e800000, 0x000000008e900000, 0x000000008e900000|100%| O|  |TAMS 0x000000008e800000| PB 0x000000008e800000| Untracked 
| 233|0x000000008e900000, 0x000000008ea00000, 0x000000008ea00000|100%| O|  |TAMS 0x000000008e900000| PB 0x000000008e900000| Untracked 
| 234|0x000000008ea00000, 0x000000008eb00000, 0x000000008eb00000|100%| O|  |TAMS 0x000000008ea00000| PB 0x000000008ea00000| Untracked 
| 235|0x000000008eb00000, 0x000000008ec00000, 0x000000008ec00000|100%| O|  |TAMS 0x000000008eb00000| PB 0x000000008eb00000| Untracked 
| 236|0x000000008ec00000, 0x000000008ed00000, 0x000000008ed00000|100%| O|  |TAMS 0x000000008ec00000| PB 0x000000008ec00000| Untracked 
| 237|0x000000008ed00000, 0x000000008ee00000, 0x000000008ee00000|100%| O|  |TAMS 0x000000008ed00000| PB 0x000000008ed00000| Untracked 
| 238|0x000000008ee00000, 0x000000008ef00000, 0x000000008ef00000|100%| O|  |TAMS 0x000000008ee00000| PB 0x000000008ee00000| Untracked 
| 239|0x000000008ef00000, 0x000000008f000000, 0x000000008f000000|100%|HS|  |TAMS 0x000000008ef00000| PB 0x000000008ef00000| Complete 
| 240|0x000000008f000000, 0x000000008f100000, 0x000000008f100000|100%| O|  |TAMS 0x000000008f000000| PB 0x000000008f000000| Untracked 
| 241|0x000000008f100000, 0x000000008f200000, 0x000000008f200000|100%| O|  |TAMS 0x000000008f100000| PB 0x000000008f100000| Untracked 
| 242|0x000000008f200000, 0x000000008f300000, 0x000000008f300000|100%| O|  |TAMS 0x000000008f200000| PB 0x000000008f200000| Untracked 
| 243|0x000000008f300000, 0x000000008f400000, 0x000000008f400000|100%| O|  |TAMS 0x000000008f300000| PB 0x000000008f300000| Untracked 
| 244|0x000000008f400000, 0x000000008f500000, 0x000000008f500000|100%| O|  |TAMS 0x000000008f400000| PB 0x000000008f400000| Untracked 
| 245|0x000000008f500000, 0x000000008f600000, 0x000000008f600000|100%| O|  |TAMS 0x000000008f500000| PB 0x000000008f500000| Untracked 
| 246|0x000000008f600000, 0x000000008f700000, 0x000000008f700000|100%| O|  |TAMS 0x000000008f600000| PB 0x000000008f600000| Untracked 
| 247|0x000000008f700000, 0x000000008f800000, 0x000000008f800000|100%| O|  |TAMS 0x000000008f700000| PB 0x000000008f700000| Untracked 
| 248|0x000000008f800000, 0x000000008f900000, 0x000000008f900000|100%| O|  |TAMS 0x000000008f800000| PB 0x000000008f800000| Untracked 
| 249|0x000000008f900000, 0x000000008fa00000, 0x000000008fa00000|100%| O|  |TAMS 0x000000008f900000| PB 0x000000008f900000| Untracked 
| 250|0x000000008fa00000, 0x000000008fb00000, 0x000000008fb00000|100%| O|  |TAMS 0x000000008fa00000| PB 0x000000008fa00000| Untracked 
| 251|0x000000008fb00000, 0x000000008fb00000, 0x000000008fc00000|  0%| F|  |TAMS 0x000000008fb00000| PB 0x000000008fb00000| Untracked 
| 252|0x000000008fc00000, 0x000000008fd00000, 0x000000008fd00000|100%|HS|  |TAMS 0x000000008fc00000| PB 0x000000008fc00000| Complete 
| 253|0x000000008fd00000, 0x000000008fe00000, 0x000000008fe00000|100%|HC|  |TAMS 0x000000008fd00000| PB 0x000000008fd00000| Complete 
| 254|0x000000008fe00000, 0x000000008ff00000, 0x000000008ff00000|100%|HC|  |TAMS 0x000000008fe00000| PB 0x000000008fe00000| Complete 
| 255|0x000000008ff00000, 0x0000000090000000, 0x0000000090000000|100%| O|  |TAMS 0x000000008ff00000| PB 0x000000008ff00000| Untracked 
| 256|0x0000000090000000, 0x0000000090100000, 0x0000000090100000|100%| O|  |TAMS 0x0000000090000000| PB 0x0000000090000000| Untracked 
| 257|0x0000000090100000, 0x0000000090200000, 0x0000000090200000|100%| O|  |TAMS 0x0000000090100000| PB 0x0000000090100000| Untracked 
| 258|0x0000000090200000, 0x0000000090300000, 0x0000000090300000|100%| O|  |TAMS 0x0000000090200000| PB 0x0000000090200000| Untracked 
| 259|0x0000000090300000, 0x0000000090400000, 0x0000000090400000|100%| O|  |TAMS 0x0000000090300000| PB 0x0000000090300000| Untracked 
| 260|0x0000000090400000, 0x0000000090500000, 0x0000000090500000|100%| O|  |TAMS 0x0000000090400000| PB 0x0000000090400000| Untracked 
| 261|0x0000000090500000, 0x0000000090600000, 0x0000000090600000|100%| O|  |TAMS 0x0000000090500000| PB 0x0000000090500000| Untracked 
| 262|0x0000000090600000, 0x0000000090700000, 0x0000000090700000|100%| O|  |TAMS 0x0000000090600000| PB 0x0000000090600000| Untracked 
| 263|0x0000000090700000, 0x0000000090800000, 0x0000000090800000|100%| O|  |TAMS 0x0000000090700000| PB 0x0000000090700000| Untracked 
| 264|0x0000000090800000, 0x0000000090900000, 0x0000000090900000|100%| O|  |TAMS 0x0000000090800000| PB 0x0000000090800000| Untracked 
| 265|0x0000000090900000, 0x0000000090a00000, 0x0000000090a00000|100%| O|  |TAMS 0x0000000090900000| PB 0x0000000090900000| Untracked 
| 266|0x0000000090a00000, 0x0000000090b00000, 0x0000000090b00000|100%| O|  |TAMS 0x0000000090a00000| PB 0x0000000090a00000| Untracked 
| 267|0x0000000090b00000, 0x0000000090c00000, 0x0000000090c00000|100%| O|  |TAMS 0x0000000090b00000| PB 0x0000000090b00000| Untracked 
| 268|0x0000000090c00000, 0x0000000090d00000, 0x0000000090d00000|100%| O|  |TAMS 0x0000000090c00000| PB 0x0000000090c00000| Untracked 
| 269|0x0000000090d00000, 0x0000000090d00000, 0x0000000090e00000|  0%| F|  |TAMS 0x0000000090d00000| PB 0x0000000090d00000| Untracked 
| 270|0x0000000090e00000, 0x0000000090f00000, 0x0000000090f00000|100%| O|  |TAMS 0x0000000090e00000| PB 0x0000000090e00000| Untracked 
| 271|0x0000000090f00000, 0x0000000091000000, 0x0000000091000000|100%| O|  |TAMS 0x0000000090f00000| PB 0x0000000090f00000| Untracked 
| 272|0x0000000091000000, 0x0000000091100000, 0x0000000091100000|100%| O|  |TAMS 0x0000000091000000| PB 0x0000000091000000| Untracked 
| 273|0x0000000091100000, 0x0000000091200000, 0x0000000091200000|100%| O|  |TAMS 0x0000000091100000| PB 0x0000000091100000| Untracked 
| 274|0x0000000091200000, 0x0000000091300000, 0x0000000091300000|100%| O|  |TAMS 0x0000000091200000| PB 0x0000000091200000| Untracked 
| 275|0x0000000091300000, 0x0000000091400000, 0x0000000091400000|100%| O|  |TAMS 0x0000000091300000| PB 0x0000000091300000| Untracked 
| 276|0x0000000091400000, 0x0000000091500000, 0x0000000091500000|100%| O|  |TAMS 0x0000000091400000| PB 0x0000000091400000| Untracked 
| 277|0x0000000091500000, 0x0000000091600000, 0x0000000091600000|100%| O|  |TAMS 0x0000000091500000| PB 0x0000000091500000| Untracked 
| 278|0x0000000091600000, 0x0000000091700000, 0x0000000091700000|100%| O|  |TAMS 0x0000000091600000| PB 0x0000000091600000| Untracked 
| 279|0x0000000091700000, 0x0000000091800000, 0x0000000091800000|100%| O|  |TAMS 0x0000000091700000| PB 0x0000000091700000| Untracked 
| 280|0x0000000091800000, 0x00000000918f7800, 0x0000000091900000| 96%| O|  |TAMS 0x0000000091800000| PB 0x0000000091800000| Untracked 
| 281|0x0000000091900000, 0x0000000091900000, 0x0000000091a00000|  0%| F|  |TAMS 0x0000000091900000| PB 0x0000000091900000| Untracked 
| 282|0x0000000091a00000, 0x0000000091a00000, 0x0000000091b00000|  0%| F|  |TAMS 0x0000000091a00000| PB 0x0000000091a00000| Untracked 
| 283|0x0000000091b00000, 0x0000000091b00000, 0x0000000091c00000|  0%| F|  |TAMS 0x0000000091b00000| PB 0x0000000091b00000| Untracked 
| 284|0x0000000091c00000, 0x0000000091c00000, 0x0000000091d00000|  0%| F|  |TAMS 0x0000000091c00000| PB 0x0000000091c00000| Untracked 
| 285|0x0000000091d00000, 0x0000000091d00000, 0x0000000091e00000|  0%| F|  |TAMS 0x0000000091d00000| PB 0x0000000091d00000| Untracked 
| 286|0x0000000091e00000, 0x0000000091e00000, 0x0000000091f00000|  0%| F|  |TAMS 0x0000000091e00000| PB 0x0000000091e00000| Untracked 
| 287|0x0000000091f00000, 0x0000000091f00000, 0x0000000092000000|  0%| F|  |TAMS 0x0000000091f00000| PB 0x0000000091f00000| Untracked 
| 288|0x0000000092000000, 0x0000000092000000, 0x0000000092100000|  0%| F|  |TAMS 0x0000000092000000| PB 0x0000000092000000| Untracked 
| 289|0x0000000092100000, 0x0000000092100000, 0x0000000092200000|  0%| F|  |TAMS 0x0000000092100000| PB 0x0000000092100000| Untracked 
| 290|0x0000000092200000, 0x0000000092200000, 0x0000000092300000|  0%| F|  |TAMS 0x0000000092200000| PB 0x0000000092200000| Untracked 
| 291|0x0000000092300000, 0x0000000092400000, 0x0000000092400000|100%| O|  |TAMS 0x0000000092300000| PB 0x0000000092300000| Untracked 
| 292|0x0000000092400000, 0x0000000092500000, 0x0000000092500000|100%| O|  |TAMS 0x0000000092400000| PB 0x0000000092400000| Untracked 
| 293|0x0000000092500000, 0x0000000092600000, 0x0000000092600000|100%| O|  |TAMS 0x0000000092500000| PB 0x0000000092500000| Untracked 
| 294|0x0000000092600000, 0x0000000092700000, 0x0000000092700000|100%| O|  |TAMS 0x0000000092600000| PB 0x0000000092600000| Untracked 
| 295|0x0000000092700000, 0x0000000092800000, 0x0000000092800000|100%| O|  |TAMS 0x0000000092700000| PB 0x0000000092700000| Untracked 
| 296|0x0000000092800000, 0x0000000092900000, 0x0000000092900000|100%| O|  |TAMS 0x0000000092800000| PB 0x0000000092800000| Untracked 
| 297|0x0000000092900000, 0x0000000092a00000, 0x0000000092a00000|100%| O|  |TAMS 0x0000000092900000| PB 0x0000000092900000| Untracked 
| 298|0x0000000092a00000, 0x0000000092b00000, 0x0000000092b00000|100%| O|  |TAMS 0x0000000092a00000| PB 0x0000000092a00000| Untracked 
| 299|0x0000000092b00000, 0x0000000092c00000, 0x0000000092c00000|100%| O|  |TAMS 0x0000000092b00000| PB 0x0000000092b00000| Untracked 
| 300|0x0000000092c00000, 0x0000000092d00000, 0x0000000092d00000|100%| O|  |TAMS 0x0000000092c00000| PB 0x0000000092c00000| Untracked 
| 301|0x0000000092d00000, 0x0000000092e00000, 0x0000000092e00000|100%| O|  |TAMS 0x0000000092d00000| PB 0x0000000092d00000| Untracked 
| 302|0x0000000092e00000, 0x0000000092f00000, 0x0000000092f00000|100%| O|  |TAMS 0x0000000092e00000| PB 0x0000000092e00000| Untracked 
| 303|0x0000000092f00000, 0x0000000093000000, 0x0000000093000000|100%| O|  |TAMS 0x0000000092f00000| PB 0x0000000092f00000| Untracked 
| 304|0x0000000093000000, 0x0000000093100000, 0x0000000093100000|100%| O|  |TAMS 0x0000000093000000| PB 0x0000000093000000| Untracked 
| 305|0x0000000093100000, 0x0000000093200000, 0x0000000093200000|100%| O|  |TAMS 0x0000000093100000| PB 0x0000000093100000| Untracked 
| 306|0x0000000093200000, 0x0000000093300000, 0x0000000093300000|100%| O|  |TAMS 0x0000000093200000| PB 0x0000000093200000| Untracked 
| 307|0x0000000093300000, 0x0000000093400000, 0x0000000093400000|100%| O|  |TAMS 0x0000000093300000| PB 0x0000000093300000| Untracked 
| 308|0x0000000093400000, 0x0000000093500000, 0x0000000093500000|100%| O|  |TAMS 0x0000000093400000| PB 0x0000000093400000| Untracked 
| 309|0x0000000093500000, 0x0000000093600000, 0x0000000093600000|100%| O|  |TAMS 0x0000000093500000| PB 0x0000000093500000| Untracked 
| 310|0x0000000093600000, 0x0000000093700000, 0x0000000093700000|100%| O|  |TAMS 0x0000000093600000| PB 0x0000000093600000| Untracked 
| 311|0x0000000093700000, 0x0000000093800000, 0x0000000093800000|100%| O|  |TAMS 0x0000000093700000| PB 0x0000000093700000| Untracked 
| 312|0x0000000093800000, 0x0000000093900000, 0x0000000093900000|100%| O|  |TAMS 0x0000000093800000| PB 0x0000000093800000| Untracked 
| 313|0x0000000093900000, 0x0000000093a00000, 0x0000000093a00000|100%| O|  |TAMS 0x0000000093900000| PB 0x0000000093900000| Untracked 
| 314|0x0000000093a00000, 0x0000000093b00000, 0x0000000093b00000|100%| O|  |TAMS 0x0000000093a00000| PB 0x0000000093a00000| Untracked 
| 315|0x0000000093b00000, 0x0000000093c00000, 0x0000000093c00000|100%| O|  |TAMS 0x0000000093b00000| PB 0x0000000093b00000| Untracked 
| 316|0x0000000093c00000, 0x0000000093d00000, 0x0000000093d00000|100%| O|  |TAMS 0x0000000093c00000| PB 0x0000000093c00000| Untracked 
| 317|0x0000000093d00000, 0x0000000093e00000, 0x0000000093e00000|100%| O|  |TAMS 0x0000000093d00000| PB 0x0000000093d00000| Untracked 
| 318|0x0000000093e00000, 0x0000000093f00000, 0x0000000093f00000|100%| O|  |TAMS 0x0000000093e00000| PB 0x0000000093e00000| Untracked 
| 319|0x0000000093f00000, 0x0000000094000000, 0x0000000094000000|100%| O|  |TAMS 0x0000000093f00000| PB 0x0000000093f00000| Untracked 
| 320|0x0000000094000000, 0x0000000094100000, 0x0000000094100000|100%| O|  |TAMS 0x0000000094000000| PB 0x0000000094000000| Untracked 
| 321|0x0000000094100000, 0x0000000094100000, 0x0000000094200000|  0%| F|  |TAMS 0x0000000094100000| PB 0x0000000094100000| Untracked 
| 322|0x0000000094200000, 0x0000000094200000, 0x0000000094300000|  0%| F|  |TAMS 0x0000000094200000| PB 0x0000000094200000| Untracked 
| 323|0x0000000094300000, 0x0000000094300000, 0x0000000094400000|  0%| F|  |TAMS 0x0000000094300000| PB 0x0000000094300000| Untracked 
| 324|0x0000000094400000, 0x0000000094400000, 0x0000000094500000|  0%| F|  |TAMS 0x0000000094400000| PB 0x0000000094400000| Untracked 
| 325|0x0000000094500000, 0x0000000094500000, 0x0000000094600000|  0%| F|  |TAMS 0x0000000094500000| PB 0x0000000094500000| Untracked 
| 326|0x0000000094600000, 0x0000000094600000, 0x0000000094700000|  0%| F|  |TAMS 0x0000000094600000| PB 0x0000000094600000| Untracked 
| 327|0x0000000094700000, 0x0000000094700000, 0x0000000094800000|  0%| F|  |TAMS 0x0000000094700000| PB 0x0000000094700000| Untracked 
| 328|0x0000000094800000, 0x0000000094800000, 0x0000000094900000|  0%| F|  |TAMS 0x0000000094800000| PB 0x0000000094800000| Untracked 
| 329|0x0000000094900000, 0x0000000094900000, 0x0000000094a00000|  0%| F|  |TAMS 0x0000000094900000| PB 0x0000000094900000| Untracked 
| 330|0x0000000094a00000, 0x0000000094a00000, 0x0000000094b00000|  0%| F|  |TAMS 0x0000000094a00000| PB 0x0000000094a00000| Untracked 
| 331|0x0000000094b00000, 0x0000000094b00000, 0x0000000094c00000|  0%| F|  |TAMS 0x0000000094b00000| PB 0x0000000094b00000| Untracked 
| 332|0x0000000094c00000, 0x0000000094c00000, 0x0000000094d00000|  0%| F|  |TAMS 0x0000000094c00000| PB 0x0000000094c00000| Untracked 
| 333|0x0000000094d00000, 0x0000000094d00000, 0x0000000094e00000|  0%| F|  |TAMS 0x0000000094d00000| PB 0x0000000094d00000| Untracked 
| 334|0x0000000094e00000, 0x0000000094e00000, 0x0000000094f00000|  0%| F|  |TAMS 0x0000000094e00000| PB 0x0000000094e00000| Untracked 
| 335|0x0000000094f00000, 0x0000000094f00000, 0x0000000095000000|  0%| F|  |TAMS 0x0000000094f00000| PB 0x0000000094f00000| Untracked 
| 336|0x0000000095000000, 0x0000000095000000, 0x0000000095100000|  0%| F|  |TAMS 0x0000000095000000| PB 0x0000000095000000| Untracked 
| 337|0x0000000095100000, 0x0000000095100000, 0x0000000095200000|  0%| F|  |TAMS 0x0000000095100000| PB 0x0000000095100000| Untracked 
| 338|0x0000000095200000, 0x0000000095200000, 0x0000000095300000|  0%| F|  |TAMS 0x0000000095200000| PB 0x0000000095200000| Untracked 
| 339|0x0000000095300000, 0x0000000095300000, 0x0000000095400000|  0%| F|  |TAMS 0x0000000095300000| PB 0x0000000095300000| Untracked 
| 340|0x0000000095400000, 0x0000000095400000, 0x0000000095500000|  0%| F|  |TAMS 0x0000000095400000| PB 0x0000000095400000| Untracked 
| 341|0x0000000095500000, 0x0000000095500000, 0x0000000095600000|  0%| F|  |TAMS 0x0000000095500000| PB 0x0000000095500000| Untracked 
| 342|0x0000000095600000, 0x0000000095600000, 0x0000000095700000|  0%| F|  |TAMS 0x0000000095600000| PB 0x0000000095600000| Untracked 
| 343|0x0000000095700000, 0x0000000095700000, 0x0000000095800000|  0%| F|  |TAMS 0x0000000095700000| PB 0x0000000095700000| Untracked 
| 344|0x0000000095800000, 0x0000000095800000, 0x0000000095900000|  0%| F|  |TAMS 0x0000000095800000| PB 0x0000000095800000| Untracked 
| 345|0x0000000095900000, 0x0000000095900000, 0x0000000095a00000|  0%| F|  |TAMS 0x0000000095900000| PB 0x0000000095900000| Untracked 
| 346|0x0000000095a00000, 0x0000000095a00000, 0x0000000095b00000|  0%| F|  |TAMS 0x0000000095a00000| PB 0x0000000095a00000| Untracked 
| 347|0x0000000095b00000, 0x0000000095b00000, 0x0000000095c00000|  0%| F|  |TAMS 0x0000000095b00000| PB 0x0000000095b00000| Untracked 
| 348|0x0000000095c00000, 0x0000000095c00000, 0x0000000095d00000|  0%| F|  |TAMS 0x0000000095c00000| PB 0x0000000095c00000| Untracked 
| 349|0x0000000095d00000, 0x0000000095d00000, 0x0000000095e00000|  0%| F|  |TAMS 0x0000000095d00000| PB 0x0000000095d00000| Untracked 
| 350|0x0000000095e00000, 0x0000000095e00000, 0x0000000095f00000|  0%| F|  |TAMS 0x0000000095e00000| PB 0x0000000095e00000| Untracked 
| 351|0x0000000095f00000, 0x0000000095f00000, 0x0000000096000000|  0%| F|  |TAMS 0x0000000095f00000| PB 0x0000000095f00000| Untracked 
| 352|0x0000000096000000, 0x0000000096000000, 0x0000000096100000|  0%| F|  |TAMS 0x0000000096000000| PB 0x0000000096000000| Untracked 
| 353|0x0000000096100000, 0x0000000096161fe0, 0x0000000096200000| 38%| S|CS|TAMS 0x0000000096100000| PB 0x0000000096100000| Complete 
| 354|0x0000000096200000, 0x0000000096300000, 0x0000000096300000|100%| S|CS|TAMS 0x0000000096200000| PB 0x0000000096200000| Complete 
| 355|0x0000000096300000, 0x0000000096400000, 0x0000000096400000|100%| S|CS|TAMS 0x0000000096300000| PB 0x0000000096300000| Complete 
| 356|0x0000000096400000, 0x0000000096500000, 0x0000000096500000|100%| S|CS|TAMS 0x0000000096400000| PB 0x0000000096400000| Complete 
| 357|0x0000000096500000, 0x0000000096500000, 0x0000000096600000|  0%| F|  |TAMS 0x0000000096500000| PB 0x0000000096500000| Untracked 
| 358|0x0000000096600000, 0x0000000096600000, 0x0000000096700000|  0%| F|  |TAMS 0x0000000096600000| PB 0x0000000096600000| Untracked 
| 359|0x0000000096700000, 0x0000000096700000, 0x0000000096800000|  0%| F|  |TAMS 0x0000000096700000| PB 0x0000000096700000| Untracked 
| 360|0x0000000096800000, 0x0000000096800000, 0x0000000096900000|  0%| F|  |TAMS 0x0000000096800000| PB 0x0000000096800000| Untracked 
| 361|0x0000000096900000, 0x0000000096900000, 0x0000000096a00000|  0%| F|  |TAMS 0x0000000096900000| PB 0x0000000096900000| Untracked 
| 362|0x0000000096a00000, 0x0000000096a00000, 0x0000000096b00000|  0%| F|  |TAMS 0x0000000096a00000| PB 0x0000000096a00000| Untracked 
| 363|0x0000000096b00000, 0x0000000096b00000, 0x0000000096c00000|  0%| F|  |TAMS 0x0000000096b00000| PB 0x0000000096b00000| Untracked 
| 364|0x0000000096c00000, 0x0000000096c00000, 0x0000000096d00000|  0%| F|  |TAMS 0x0000000096c00000| PB 0x0000000096c00000| Untracked 
| 365|0x0000000096d00000, 0x0000000096e00000, 0x0000000096e00000|100%| S|CS|TAMS 0x0000000096d00000| PB 0x0000000096d00000| Complete 
| 366|0x0000000096e00000, 0x0000000096f00000, 0x0000000096f00000|100%| S|CS|TAMS 0x0000000096e00000| PB 0x0000000096e00000| Complete 
| 367|0x0000000096f00000, 0x0000000097000000, 0x0000000097000000|100%| S|CS|TAMS 0x0000000096f00000| PB 0x0000000096f00000| Complete 
| 368|0x0000000097000000, 0x0000000097100000, 0x0000000097100000|100%| S|CS|TAMS 0x0000000097000000| PB 0x0000000097000000| Complete 
| 369|0x0000000097100000, 0x0000000097200000, 0x0000000097200000|100%| S|CS|TAMS 0x0000000097100000| PB 0x0000000097100000| Complete 
| 370|0x0000000097200000, 0x0000000097300000, 0x0000000097300000|100%| S|CS|TAMS 0x0000000097200000| PB 0x0000000097200000| Complete 
| 371|0x0000000097300000, 0x0000000097300000, 0x0000000097400000|  0%| F|  |TAMS 0x0000000097300000| PB 0x0000000097300000| Untracked 
| 372|0x0000000097400000, 0x0000000097400000, 0x0000000097500000|  0%| F|  |TAMS 0x0000000097400000| PB 0x0000000097400000| Untracked 
| 373|0x0000000097500000, 0x0000000097500000, 0x0000000097600000|  0%| F|  |TAMS 0x0000000097500000| PB 0x0000000097500000| Untracked 
| 374|0x0000000097600000, 0x0000000097600000, 0x0000000097700000|  0%| F|  |TAMS 0x0000000097600000| PB 0x0000000097600000| Untracked 
| 375|0x0000000097700000, 0x0000000097700000, 0x0000000097800000|  0%| F|  |TAMS 0x0000000097700000| PB 0x0000000097700000| Untracked 
| 376|0x0000000097800000, 0x0000000097800000, 0x0000000097900000|  0%| F|  |TAMS 0x0000000097800000| PB 0x0000000097800000| Untracked 
| 377|0x0000000097900000, 0x0000000097900000, 0x0000000097a00000|  0%| F|  |TAMS 0x0000000097900000| PB 0x0000000097900000| Untracked 
| 378|0x0000000097a00000, 0x0000000097a00000, 0x0000000097b00000|  0%| F|  |TAMS 0x0000000097a00000| PB 0x0000000097a00000| Untracked 
| 379|0x0000000097b00000, 0x0000000097b00000, 0x0000000097c00000|  0%| F|  |TAMS 0x0000000097b00000| PB 0x0000000097b00000| Untracked 
| 380|0x0000000097c00000, 0x0000000097c00000, 0x0000000097d00000|  0%| F|  |TAMS 0x0000000097c00000| PB 0x0000000097c00000| Untracked 
| 381|0x0000000097d00000, 0x0000000097d00000, 0x0000000097e00000|  0%| F|  |TAMS 0x0000000097d00000| PB 0x0000000097d00000| Untracked 
| 382|0x0000000097e00000, 0x0000000097e00000, 0x0000000097f00000|  0%| F|  |TAMS 0x0000000097e00000| PB 0x0000000097e00000| Untracked 
| 383|0x0000000097f00000, 0x0000000097f00000, 0x0000000098000000|  0%| F|  |TAMS 0x0000000097f00000| PB 0x0000000097f00000| Untracked 
| 384|0x0000000098000000, 0x0000000098000000, 0x0000000098100000|  0%| F|  |TAMS 0x0000000098000000| PB 0x0000000098000000| Untracked 
| 385|0x0000000098100000, 0x0000000098100000, 0x0000000098200000|  0%| F|  |TAMS 0x0000000098100000| PB 0x0000000098100000| Untracked 
| 386|0x0000000098200000, 0x0000000098200000, 0x0000000098300000|  0%| F|  |TAMS 0x0000000098200000| PB 0x0000000098200000| Untracked 
| 387|0x0000000098300000, 0x0000000098300000, 0x0000000098400000|  0%| F|  |TAMS 0x0000000098300000| PB 0x0000000098300000| Untracked 
| 388|0x0000000098400000, 0x0000000098400000, 0x0000000098500000|  0%| F|  |TAMS 0x0000000098400000| PB 0x0000000098400000| Untracked 
| 389|0x0000000098500000, 0x0000000098500000, 0x0000000098600000|  0%| F|  |TAMS 0x0000000098500000| PB 0x0000000098500000| Untracked 
| 390|0x0000000098600000, 0x0000000098600000, 0x0000000098700000|  0%| F|  |TAMS 0x0000000098600000| PB 0x0000000098600000| Untracked 
| 391|0x0000000098700000, 0x0000000098700000, 0x0000000098800000|  0%| F|  |TAMS 0x0000000098700000| PB 0x0000000098700000| Untracked 
| 392|0x0000000098800000, 0x0000000098800000, 0x0000000098900000|  0%| F|  |TAMS 0x0000000098800000| PB 0x0000000098800000| Untracked 
| 393|0x0000000098900000, 0x0000000098900000, 0x0000000098a00000|  0%| F|  |TAMS 0x0000000098900000| PB 0x0000000098900000| Untracked 
| 394|0x0000000098a00000, 0x0000000098a00000, 0x0000000098b00000|  0%| F|  |TAMS 0x0000000098a00000| PB 0x0000000098a00000| Untracked 
| 395|0x0000000098b00000, 0x0000000098b00000, 0x0000000098c00000|  0%| F|  |TAMS 0x0000000098b00000| PB 0x0000000098b00000| Untracked 
| 396|0x0000000098c00000, 0x0000000098c00000, 0x0000000098d00000|  0%| F|  |TAMS 0x0000000098c00000| PB 0x0000000098c00000| Untracked 
| 397|0x0000000098d00000, 0x0000000098d00000, 0x0000000098e00000|  0%| F|  |TAMS 0x0000000098d00000| PB 0x0000000098d00000| Untracked 
| 398|0x0000000098e00000, 0x0000000098e00000, 0x0000000098f00000|  0%| F|  |TAMS 0x0000000098e00000| PB 0x0000000098e00000| Untracked 
| 399|0x0000000098f00000, 0x0000000098f00000, 0x0000000099000000|  0%| F|  |TAMS 0x0000000098f00000| PB 0x0000000098f00000| Untracked 
| 400|0x0000000099000000, 0x0000000099000000, 0x0000000099100000|  0%| F|  |TAMS 0x0000000099000000| PB 0x0000000099000000| Untracked 
| 401|0x0000000099100000, 0x0000000099100000, 0x0000000099200000|  0%| F|  |TAMS 0x0000000099100000| PB 0x0000000099100000| Untracked 
| 402|0x0000000099200000, 0x0000000099200000, 0x0000000099300000|  0%| F|  |TAMS 0x0000000099200000| PB 0x0000000099200000| Untracked 
| 403|0x0000000099300000, 0x0000000099300000, 0x0000000099400000|  0%| F|  |TAMS 0x0000000099300000| PB 0x0000000099300000| Untracked 
| 404|0x0000000099400000, 0x0000000099400000, 0x0000000099500000|  0%| F|  |TAMS 0x0000000099400000| PB 0x0000000099400000| Untracked 
| 405|0x0000000099500000, 0x0000000099500000, 0x0000000099600000|  0%| F|  |TAMS 0x0000000099500000| PB 0x0000000099500000| Untracked 
| 406|0x0000000099600000, 0x0000000099600000, 0x0000000099700000|  0%| F|  |TAMS 0x0000000099600000| PB 0x0000000099600000| Untracked 
| 407|0x0000000099700000, 0x0000000099700000, 0x0000000099800000|  0%| F|  |TAMS 0x0000000099700000| PB 0x0000000099700000| Untracked 
| 408|0x0000000099800000, 0x0000000099800000, 0x0000000099900000|  0%| F|  |TAMS 0x0000000099800000| PB 0x0000000099800000| Untracked 
| 409|0x0000000099900000, 0x0000000099900000, 0x0000000099a00000|  0%| F|  |TAMS 0x0000000099900000| PB 0x0000000099900000| Untracked 
| 410|0x0000000099a00000, 0x0000000099a00000, 0x0000000099b00000|  0%| F|  |TAMS 0x0000000099a00000| PB 0x0000000099a00000| Untracked 
| 411|0x0000000099b00000, 0x0000000099b00000, 0x0000000099c00000|  0%| F|  |TAMS 0x0000000099b00000| PB 0x0000000099b00000| Untracked 
| 412|0x0000000099c00000, 0x0000000099c00000, 0x0000000099d00000|  0%| F|  |TAMS 0x0000000099c00000| PB 0x0000000099c00000| Untracked 
| 413|0x0000000099d00000, 0x0000000099d00000, 0x0000000099e00000|  0%| F|  |TAMS 0x0000000099d00000| PB 0x0000000099d00000| Untracked 
| 414|0x0000000099e00000, 0x0000000099e00000, 0x0000000099f00000|  0%| F|  |TAMS 0x0000000099e00000| PB 0x0000000099e00000| Untracked 
| 415|0x0000000099f00000, 0x0000000099f00000, 0x000000009a000000|  0%| F|  |TAMS 0x0000000099f00000| PB 0x0000000099f00000| Untracked 
| 416|0x000000009a000000, 0x000000009a000000, 0x000000009a100000|  0%| F|  |TAMS 0x000000009a000000| PB 0x000000009a000000| Untracked 
| 417|0x000000009a100000, 0x000000009a100000, 0x000000009a200000|  0%| F|  |TAMS 0x000000009a100000| PB 0x000000009a100000| Untracked 
| 418|0x000000009a200000, 0x000000009a200000, 0x000000009a300000|  0%| F|  |TAMS 0x000000009a200000| PB 0x000000009a200000| Untracked 
| 419|0x000000009a300000, 0x000000009a300000, 0x000000009a400000|  0%| F|  |TAMS 0x000000009a300000| PB 0x000000009a300000| Untracked 
| 420|0x000000009a400000, 0x000000009a400000, 0x000000009a500000|  0%| F|  |TAMS 0x000000009a400000| PB 0x000000009a400000| Untracked 
| 421|0x000000009a500000, 0x000000009a500000, 0x000000009a600000|  0%| F|  |TAMS 0x000000009a500000| PB 0x000000009a500000| Untracked 
| 422|0x000000009a600000, 0x000000009a600000, 0x000000009a700000|  0%| F|  |TAMS 0x000000009a600000| PB 0x000000009a600000| Untracked 
| 423|0x000000009a700000, 0x000000009a700000, 0x000000009a800000|  0%| F|  |TAMS 0x000000009a700000| PB 0x000000009a700000| Untracked 
| 424|0x000000009a800000, 0x000000009a800000, 0x000000009a900000|  0%| F|  |TAMS 0x000000009a800000| PB 0x000000009a800000| Untracked 
| 425|0x000000009a900000, 0x000000009a900000, 0x000000009aa00000|  0%| F|  |TAMS 0x000000009a900000| PB 0x000000009a900000| Untracked 
| 426|0x000000009aa00000, 0x000000009aa00000, 0x000000009ab00000|  0%| F|  |TAMS 0x000000009aa00000| PB 0x000000009aa00000| Untracked 
| 427|0x000000009ab00000, 0x000000009ab00000, 0x000000009ac00000|  0%| F|  |TAMS 0x000000009ab00000| PB 0x000000009ab00000| Untracked 
| 428|0x000000009ac00000, 0x000000009ac00000, 0x000000009ad00000|  0%| F|  |TAMS 0x000000009ac00000| PB 0x000000009ac00000| Untracked 
| 429|0x000000009ad00000, 0x000000009ad00000, 0x000000009ae00000|  0%| F|  |TAMS 0x000000009ad00000| PB 0x000000009ad00000| Untracked 
| 430|0x000000009ae00000, 0x000000009ae00000, 0x000000009af00000|  0%| F|  |TAMS 0x000000009ae00000| PB 0x000000009ae00000| Untracked 
| 431|0x000000009af00000, 0x000000009af00000, 0x000000009b000000|  0%| F|  |TAMS 0x000000009af00000| PB 0x000000009af00000| Untracked 
| 432|0x000000009b000000, 0x000000009b000000, 0x000000009b100000|  0%| F|  |TAMS 0x000000009b000000| PB 0x000000009b000000| Untracked 
| 433|0x000000009b100000, 0x000000009b100000, 0x000000009b200000|  0%| F|  |TAMS 0x000000009b100000| PB 0x000000009b100000| Untracked 
| 434|0x000000009b200000, 0x000000009b200000, 0x000000009b300000|  0%| F|  |TAMS 0x000000009b200000| PB 0x000000009b200000| Untracked 
| 435|0x000000009b300000, 0x000000009b300000, 0x000000009b400000|  0%| F|  |TAMS 0x000000009b300000| PB 0x000000009b300000| Untracked 
| 436|0x000000009b400000, 0x000000009b400000, 0x000000009b500000|  0%| F|  |TAMS 0x000000009b400000| PB 0x000000009b400000| Untracked 
| 437|0x000000009b500000, 0x000000009b500000, 0x000000009b600000|  0%| F|  |TAMS 0x000000009b500000| PB 0x000000009b500000| Untracked 
| 438|0x000000009b600000, 0x000000009b600000, 0x000000009b700000|  0%| F|  |TAMS 0x000000009b600000| PB 0x000000009b600000| Untracked 
| 439|0x000000009b700000, 0x000000009b700000, 0x000000009b800000|  0%| F|  |TAMS 0x000000009b700000| PB 0x000000009b700000| Untracked 
| 440|0x000000009b800000, 0x000000009b800000, 0x000000009b900000|  0%| F|  |TAMS 0x000000009b800000| PB 0x000000009b800000| Untracked 
| 441|0x000000009b900000, 0x000000009b900000, 0x000000009ba00000|  0%| F|  |TAMS 0x000000009b900000| PB 0x000000009b900000| Untracked 
| 442|0x000000009ba00000, 0x000000009ba00000, 0x000000009bb00000|  0%| F|  |TAMS 0x000000009ba00000| PB 0x000000009ba00000| Untracked 
| 443|0x000000009bb00000, 0x000000009bb00000, 0x000000009bc00000|  0%| F|  |TAMS 0x000000009bb00000| PB 0x000000009bb00000| Untracked 
| 444|0x000000009bc00000, 0x000000009bc00000, 0x000000009bd00000|  0%| F|  |TAMS 0x000000009bc00000| PB 0x000000009bc00000| Untracked 
| 445|0x000000009bd00000, 0x000000009bd00000, 0x000000009be00000|  0%| F|  |TAMS 0x000000009bd00000| PB 0x000000009bd00000| Untracked 
| 446|0x000000009be00000, 0x000000009be00000, 0x000000009bf00000|  0%| F|  |TAMS 0x000000009be00000| PB 0x000000009be00000| Untracked 
| 447|0x000000009bf00000, 0x000000009bf00000, 0x000000009c000000|  0%| F|  |TAMS 0x000000009bf00000| PB 0x000000009bf00000| Untracked 
| 448|0x000000009c000000, 0x000000009c000000, 0x000000009c100000|  0%| F|  |TAMS 0x000000009c000000| PB 0x000000009c000000| Untracked 
| 449|0x000000009c100000, 0x000000009c100000, 0x000000009c200000|  0%| F|  |TAMS 0x000000009c100000| PB 0x000000009c100000| Untracked 
| 450|0x000000009c200000, 0x000000009c200000, 0x000000009c300000|  0%| F|  |TAMS 0x000000009c200000| PB 0x000000009c200000| Untracked 
| 451|0x000000009c300000, 0x000000009c300000, 0x000000009c400000|  0%| F|  |TAMS 0x000000009c300000| PB 0x000000009c300000| Untracked 
| 452|0x000000009c400000, 0x000000009c400000, 0x000000009c500000|  0%| F|  |TAMS 0x000000009c400000| PB 0x000000009c400000| Untracked 
| 453|0x000000009c500000, 0x000000009c500000, 0x000000009c600000|  0%| F|  |TAMS 0x000000009c500000| PB 0x000000009c500000| Untracked 
| 454|0x000000009c600000, 0x000000009c600000, 0x000000009c700000|  0%| F|  |TAMS 0x000000009c600000| PB 0x000000009c600000| Untracked 
| 455|0x000000009c700000, 0x000000009c700000, 0x000000009c800000|  0%| F|  |TAMS 0x000000009c700000| PB 0x000000009c700000| Untracked 
| 456|0x000000009c800000, 0x000000009c800000, 0x000000009c900000|  0%| F|  |TAMS 0x000000009c800000| PB 0x000000009c800000| Untracked 
| 457|0x000000009c900000, 0x000000009c900000, 0x000000009ca00000|  0%| F|  |TAMS 0x000000009c900000| PB 0x000000009c900000| Untracked 
| 458|0x000000009ca00000, 0x000000009ca00000, 0x000000009cb00000|  0%| F|  |TAMS 0x000000009ca00000| PB 0x000000009ca00000| Untracked 
| 459|0x000000009cb00000, 0x000000009cb00000, 0x000000009cc00000|  0%| F|  |TAMS 0x000000009cb00000| PB 0x000000009cb00000| Untracked 
| 460|0x000000009cc00000, 0x000000009cc00000, 0x000000009cd00000|  0%| F|  |TAMS 0x000000009cc00000| PB 0x000000009cc00000| Untracked 
| 461|0x000000009cd00000, 0x000000009cd00000, 0x000000009ce00000|  0%| F|  |TAMS 0x000000009cd00000| PB 0x000000009cd00000| Untracked 
| 462|0x000000009ce00000, 0x000000009ce00000, 0x000000009cf00000|  0%| F|  |TAMS 0x000000009ce00000| PB 0x000000009ce00000| Untracked 
| 463|0x000000009cf00000, 0x000000009cf00000, 0x000000009d000000|  0%| F|  |TAMS 0x000000009cf00000| PB 0x000000009cf00000| Untracked 
| 464|0x000000009d000000, 0x000000009d000000, 0x000000009d100000|  0%| F|  |TAMS 0x000000009d000000| PB 0x000000009d000000| Untracked 
| 465|0x000000009d100000, 0x000000009d100000, 0x000000009d200000|  0%| F|  |TAMS 0x000000009d100000| PB 0x000000009d100000| Untracked 
| 466|0x000000009d200000, 0x000000009d200000, 0x000000009d300000|  0%| F|  |TAMS 0x000000009d200000| PB 0x000000009d200000| Untracked 
| 467|0x000000009d300000, 0x000000009d300000, 0x000000009d400000|  0%| F|  |TAMS 0x000000009d300000| PB 0x000000009d300000| Untracked 
| 468|0x000000009d400000, 0x000000009d400000, 0x000000009d500000|  0%| F|  |TAMS 0x000000009d400000| PB 0x000000009d400000| Untracked 
| 469|0x000000009d500000, 0x000000009d500000, 0x000000009d600000|  0%| F|  |TAMS 0x000000009d500000| PB 0x000000009d500000| Untracked 
| 470|0x000000009d600000, 0x000000009d600000, 0x000000009d700000|  0%| F|  |TAMS 0x000000009d600000| PB 0x000000009d600000| Untracked 
| 471|0x000000009d700000, 0x000000009d700000, 0x000000009d800000|  0%| F|  |TAMS 0x000000009d700000| PB 0x000000009d700000| Untracked 
| 472|0x000000009d800000, 0x000000009d800000, 0x000000009d900000|  0%| F|  |TAMS 0x000000009d800000| PB 0x000000009d800000| Untracked 
| 473|0x000000009d900000, 0x000000009d900000, 0x000000009da00000|  0%| F|  |TAMS 0x000000009d900000| PB 0x000000009d900000| Untracked 
| 474|0x000000009da00000, 0x000000009da00000, 0x000000009db00000|  0%| F|  |TAMS 0x000000009da00000| PB 0x000000009da00000| Untracked 
| 475|0x000000009db00000, 0x000000009db00000, 0x000000009dc00000|  0%| F|  |TAMS 0x000000009db00000| PB 0x000000009db00000| Untracked 
| 476|0x000000009dc00000, 0x000000009dc00000, 0x000000009dd00000|  0%| F|  |TAMS 0x000000009dc00000| PB 0x000000009dc00000| Untracked 
| 477|0x000000009dd00000, 0x000000009dd00000, 0x000000009de00000|  0%| F|  |TAMS 0x000000009dd00000| PB 0x000000009dd00000| Untracked 
| 478|0x000000009de00000, 0x000000009de00000, 0x000000009df00000|  0%| F|  |TAMS 0x000000009de00000| PB 0x000000009de00000| Untracked 
| 479|0x000000009df00000, 0x000000009df00000, 0x000000009e000000|  0%| F|  |TAMS 0x000000009df00000| PB 0x000000009df00000| Untracked 
| 480|0x000000009e000000, 0x000000009e000000, 0x000000009e100000|  0%| F|  |TAMS 0x000000009e000000| PB 0x000000009e000000| Untracked 
| 481|0x000000009e100000, 0x000000009e100000, 0x000000009e200000|  0%| F|  |TAMS 0x000000009e100000| PB 0x000000009e100000| Untracked 
| 482|0x000000009e200000, 0x000000009e200000, 0x000000009e300000|  0%| F|  |TAMS 0x000000009e200000| PB 0x000000009e200000| Untracked 
| 483|0x000000009e300000, 0x000000009e300000, 0x000000009e400000|  0%| F|  |TAMS 0x000000009e300000| PB 0x000000009e300000| Untracked 
| 484|0x000000009e400000, 0x000000009e400000, 0x000000009e500000|  0%| F|  |TAMS 0x000000009e400000| PB 0x000000009e400000| Untracked 
| 485|0x000000009e500000, 0x000000009e500000, 0x000000009e600000|  0%| F|  |TAMS 0x000000009e500000| PB 0x000000009e500000| Untracked 
| 486|0x000000009e600000, 0x000000009e600000, 0x000000009e700000|  0%| F|  |TAMS 0x000000009e600000| PB 0x000000009e600000| Untracked 
| 487|0x000000009e700000, 0x000000009e700000, 0x000000009e800000|  0%| F|  |TAMS 0x000000009e700000| PB 0x000000009e700000| Untracked 
| 488|0x000000009e800000, 0x000000009e800000, 0x000000009e900000|  0%| F|  |TAMS 0x000000009e800000| PB 0x000000009e800000| Untracked 
| 489|0x000000009e900000, 0x000000009e900000, 0x000000009ea00000|  0%| F|  |TAMS 0x000000009e900000| PB 0x000000009e900000| Untracked 
| 490|0x000000009ea00000, 0x000000009ea00000, 0x000000009eb00000|  0%| F|  |TAMS 0x000000009ea00000| PB 0x000000009ea00000| Untracked 
| 491|0x000000009eb00000, 0x000000009eb00000, 0x000000009ec00000|  0%| F|  |TAMS 0x000000009eb00000| PB 0x000000009eb00000| Untracked 
| 492|0x000000009ec00000, 0x000000009ec00000, 0x000000009ed00000|  0%| F|  |TAMS 0x000000009ec00000| PB 0x000000009ec00000| Untracked 
| 493|0x000000009ed00000, 0x000000009ed00000, 0x000000009ee00000|  0%| F|  |TAMS 0x000000009ed00000| PB 0x000000009ed00000| Untracked 
| 494|0x000000009ee00000, 0x000000009ee00000, 0x000000009ef00000|  0%| F|  |TAMS 0x000000009ee00000| PB 0x000000009ee00000| Untracked 
| 495|0x000000009ef00000, 0x000000009ef00000, 0x000000009f000000|  0%| F|  |TAMS 0x000000009ef00000| PB 0x000000009ef00000| Untracked 
| 496|0x000000009f000000, 0x000000009f000000, 0x000000009f100000|  0%| F|  |TAMS 0x000000009f000000| PB 0x000000009f000000| Untracked 
| 497|0x000000009f100000, 0x000000009f100000, 0x000000009f200000|  0%| F|  |TAMS 0x000000009f100000| PB 0x000000009f100000| Untracked 
| 498|0x000000009f200000, 0x000000009f200000, 0x000000009f300000|  0%| F|  |TAMS 0x000000009f200000| PB 0x000000009f200000| Untracked 
| 499|0x000000009f300000, 0x000000009f300000, 0x000000009f400000|  0%| F|  |TAMS 0x000000009f300000| PB 0x000000009f300000| Untracked 
| 500|0x000000009f400000, 0x000000009f400000, 0x000000009f500000|  0%| F|  |TAMS 0x000000009f400000| PB 0x000000009f400000| Untracked 
| 501|0x000000009f500000, 0x000000009f500000, 0x000000009f600000|  0%| F|  |TAMS 0x000000009f500000| PB 0x000000009f500000| Untracked 
| 502|0x000000009f600000, 0x000000009f600000, 0x000000009f700000|  0%| F|  |TAMS 0x000000009f600000| PB 0x000000009f600000| Untracked 
| 503|0x000000009f700000, 0x000000009f700000, 0x000000009f800000|  0%| F|  |TAMS 0x000000009f700000| PB 0x000000009f700000| Untracked 
| 504|0x000000009f800000, 0x000000009f800000, 0x000000009f900000|  0%| F|  |TAMS 0x000000009f800000| PB 0x000000009f800000| Untracked 
| 505|0x000000009f900000, 0x000000009f900000, 0x000000009fa00000|  0%| F|  |TAMS 0x000000009f900000| PB 0x000000009f900000| Untracked 
| 506|0x000000009fa00000, 0x000000009fa00000, 0x000000009fb00000|  0%| F|  |TAMS 0x000000009fa00000| PB 0x000000009fa00000| Untracked 
| 507|0x000000009fb00000, 0x000000009fb00000, 0x000000009fc00000|  0%| F|  |TAMS 0x000000009fb00000| PB 0x000000009fb00000| Untracked 
| 508|0x000000009fc00000, 0x000000009fc00000, 0x000000009fd00000|  0%| F|  |TAMS 0x000000009fc00000| PB 0x000000009fc00000| Untracked 
| 509|0x000000009fd00000, 0x000000009fd00000, 0x000000009fe00000|  0%| F|  |TAMS 0x000000009fd00000| PB 0x000000009fd00000| Untracked 
| 510|0x000000009fe00000, 0x000000009fe00000, 0x000000009ff00000|  0%| F|  |TAMS 0x000000009fe00000| PB 0x000000009fe00000| Untracked 
| 511|0x000000009ff00000, 0x000000009ff00000, 0x00000000a0000000|  0%| F|  |TAMS 0x000000009ff00000| PB 0x000000009ff00000| Untracked 
| 512|0x00000000a0000000, 0x00000000a0000000, 0x00000000a0100000|  0%| F|  |TAMS 0x00000000a0000000| PB 0x00000000a0000000| Untracked 
| 513|0x00000000a0100000, 0x00000000a0100000, 0x00000000a0200000|  0%| F|  |TAMS 0x00000000a0100000| PB 0x00000000a0100000| Untracked 
| 514|0x00000000a0200000, 0x00000000a0200000, 0x00000000a0300000|  0%| F|  |TAMS 0x00000000a0200000| PB 0x00000000a0200000| Untracked 
| 515|0x00000000a0300000, 0x00000000a0300000, 0x00000000a0400000|  0%| F|  |TAMS 0x00000000a0300000| PB 0x00000000a0300000| Untracked 
| 516|0x00000000a0400000, 0x00000000a0400000, 0x00000000a0500000|  0%| F|  |TAMS 0x00000000a0400000| PB 0x00000000a0400000| Untracked 
| 517|0x00000000a0500000, 0x00000000a0500000, 0x00000000a0600000|  0%| F|  |TAMS 0x00000000a0500000| PB 0x00000000a0500000| Untracked 
| 518|0x00000000a0600000, 0x00000000a0600000, 0x00000000a0700000|  0%| F|  |TAMS 0x00000000a0600000| PB 0x00000000a0600000| Untracked 
| 519|0x00000000a0700000, 0x00000000a0700000, 0x00000000a0800000|  0%| F|  |TAMS 0x00000000a0700000| PB 0x00000000a0700000| Untracked 
| 520|0x00000000a0800000, 0x00000000a0800000, 0x00000000a0900000|  0%| F|  |TAMS 0x00000000a0800000| PB 0x00000000a0800000| Untracked 
| 521|0x00000000a0900000, 0x00000000a0900000, 0x00000000a0a00000|  0%| F|  |TAMS 0x00000000a0900000| PB 0x00000000a0900000| Untracked 
| 522|0x00000000a0a00000, 0x00000000a0a00000, 0x00000000a0b00000|  0%| F|  |TAMS 0x00000000a0a00000| PB 0x00000000a0a00000| Untracked 
| 523|0x00000000a0b00000, 0x00000000a0b00000, 0x00000000a0c00000|  0%| F|  |TAMS 0x00000000a0b00000| PB 0x00000000a0b00000| Untracked 
| 524|0x00000000a0c00000, 0x00000000a0c00000, 0x00000000a0d00000|  0%| F|  |TAMS 0x00000000a0c00000| PB 0x00000000a0c00000| Untracked 
| 525|0x00000000a0d00000, 0x00000000a0d00000, 0x00000000a0e00000|  0%| F|  |TAMS 0x00000000a0d00000| PB 0x00000000a0d00000| Untracked 
| 526|0x00000000a0e00000, 0x00000000a0e00000, 0x00000000a0f00000|  0%| F|  |TAMS 0x00000000a0e00000| PB 0x00000000a0e00000| Untracked 
| 527|0x00000000a0f00000, 0x00000000a0f00000, 0x00000000a1000000|  0%| F|  |TAMS 0x00000000a0f00000| PB 0x00000000a0f00000| Untracked 
| 528|0x00000000a1000000, 0x00000000a1000000, 0x00000000a1100000|  0%| F|  |TAMS 0x00000000a1000000| PB 0x00000000a1000000| Untracked 
| 529|0x00000000a1100000, 0x00000000a1100000, 0x00000000a1200000|  0%| F|  |TAMS 0x00000000a1100000| PB 0x00000000a1100000| Untracked 
| 530|0x00000000a1200000, 0x00000000a1200000, 0x00000000a1300000|  0%| F|  |TAMS 0x00000000a1200000| PB 0x00000000a1200000| Untracked 
| 531|0x00000000a1300000, 0x00000000a1300000, 0x00000000a1400000|  0%| F|  |TAMS 0x00000000a1300000| PB 0x00000000a1300000| Untracked 
| 532|0x00000000a1400000, 0x00000000a1400000, 0x00000000a1500000|  0%| F|  |TAMS 0x00000000a1400000| PB 0x00000000a1400000| Untracked 
| 533|0x00000000a1500000, 0x00000000a1500000, 0x00000000a1600000|  0%| F|  |TAMS 0x00000000a1500000| PB 0x00000000a1500000| Untracked 
| 534|0x00000000a1600000, 0x00000000a1600000, 0x00000000a1700000|  0%| F|  |TAMS 0x00000000a1600000| PB 0x00000000a1600000| Untracked 
| 535|0x00000000a1700000, 0x00000000a1700000, 0x00000000a1800000|  0%| F|  |TAMS 0x00000000a1700000| PB 0x00000000a1700000| Untracked 
| 536|0x00000000a1800000, 0x00000000a1800000, 0x00000000a1900000|  0%| F|  |TAMS 0x00000000a1800000| PB 0x00000000a1800000| Untracked 
| 537|0x00000000a1900000, 0x00000000a1900000, 0x00000000a1a00000|  0%| F|  |TAMS 0x00000000a1900000| PB 0x00000000a1900000| Untracked 
| 538|0x00000000a1a00000, 0x00000000a1a00000, 0x00000000a1b00000|  0%| F|  |TAMS 0x00000000a1a00000| PB 0x00000000a1a00000| Untracked 
| 539|0x00000000a1b00000, 0x00000000a1b00000, 0x00000000a1c00000|  0%| F|  |TAMS 0x00000000a1b00000| PB 0x00000000a1b00000| Untracked 
| 540|0x00000000a1c00000, 0x00000000a1c00000, 0x00000000a1d00000|  0%| F|  |TAMS 0x00000000a1c00000| PB 0x00000000a1c00000| Untracked 
| 541|0x00000000a1d00000, 0x00000000a1d00000, 0x00000000a1e00000|  0%| F|  |TAMS 0x00000000a1d00000| PB 0x00000000a1d00000| Untracked 
| 542|0x00000000a1e00000, 0x00000000a1e00000, 0x00000000a1f00000|  0%| F|  |TAMS 0x00000000a1e00000| PB 0x00000000a1e00000| Untracked 
| 543|0x00000000a1f00000, 0x00000000a1f00000, 0x00000000a2000000|  0%| F|  |TAMS 0x00000000a1f00000| PB 0x00000000a1f00000| Untracked 
| 544|0x00000000a2000000, 0x00000000a2000000, 0x00000000a2100000|  0%| F|  |TAMS 0x00000000a2000000| PB 0x00000000a2000000| Untracked 
| 545|0x00000000a2100000, 0x00000000a2100000, 0x00000000a2200000|  0%| F|  |TAMS 0x00000000a2100000| PB 0x00000000a2100000| Untracked 
| 546|0x00000000a2200000, 0x00000000a2200000, 0x00000000a2300000|  0%| F|  |TAMS 0x00000000a2200000| PB 0x00000000a2200000| Untracked 
| 547|0x00000000a2300000, 0x00000000a2300000, 0x00000000a2400000|  0%| F|  |TAMS 0x00000000a2300000| PB 0x00000000a2300000| Untracked 
| 548|0x00000000a2400000, 0x00000000a2400000, 0x00000000a2500000|  0%| F|  |TAMS 0x00000000a2400000| PB 0x00000000a2400000| Untracked 
| 549|0x00000000a2500000, 0x00000000a2500000, 0x00000000a2600000|  0%| F|  |TAMS 0x00000000a2500000| PB 0x00000000a2500000| Untracked 
| 550|0x00000000a2600000, 0x00000000a2600000, 0x00000000a2700000|  0%| F|  |TAMS 0x00000000a2600000| PB 0x00000000a2600000| Untracked 
| 551|0x00000000a2700000, 0x00000000a2700000, 0x00000000a2800000|  0%| F|  |TAMS 0x00000000a2700000| PB 0x00000000a2700000| Untracked 
| 552|0x00000000a2800000, 0x00000000a2800000, 0x00000000a2900000|  0%| F|  |TAMS 0x00000000a2800000| PB 0x00000000a2800000| Untracked 
| 553|0x00000000a2900000, 0x00000000a2900000, 0x00000000a2a00000|  0%| F|  |TAMS 0x00000000a2900000| PB 0x00000000a2900000| Untracked 
| 554|0x00000000a2a00000, 0x00000000a2a00000, 0x00000000a2b00000|  0%| F|  |TAMS 0x00000000a2a00000| PB 0x00000000a2a00000| Untracked 
| 555|0x00000000a2b00000, 0x00000000a2b00000, 0x00000000a2c00000|  0%| F|  |TAMS 0x00000000a2b00000| PB 0x00000000a2b00000| Untracked 
| 556|0x00000000a2c00000, 0x00000000a2c00000, 0x00000000a2d00000|  0%| F|  |TAMS 0x00000000a2c00000| PB 0x00000000a2c00000| Untracked 
| 557|0x00000000a2d00000, 0x00000000a2d00000, 0x00000000a2e00000|  0%| F|  |TAMS 0x00000000a2d00000| PB 0x00000000a2d00000| Untracked 
| 558|0x00000000a2e00000, 0x00000000a2e00000, 0x00000000a2f00000|  0%| F|  |TAMS 0x00000000a2e00000| PB 0x00000000a2e00000| Untracked 
| 559|0x00000000a2f00000, 0x00000000a2f00000, 0x00000000a3000000|  0%| F|  |TAMS 0x00000000a2f00000| PB 0x00000000a2f00000| Untracked 
| 560|0x00000000a3000000, 0x00000000a3000000, 0x00000000a3100000|  0%| F|  |TAMS 0x00000000a3000000| PB 0x00000000a3000000| Untracked 
| 561|0x00000000a3100000, 0x00000000a3100000, 0x00000000a3200000|  0%| F|  |TAMS 0x00000000a3100000| PB 0x00000000a3100000| Untracked 
| 562|0x00000000a3200000, 0x00000000a3200000, 0x00000000a3300000|  0%| F|  |TAMS 0x00000000a3200000| PB 0x00000000a3200000| Untracked 
| 563|0x00000000a3300000, 0x00000000a3300000, 0x00000000a3400000|  0%| F|  |TAMS 0x00000000a3300000| PB 0x00000000a3300000| Untracked 
|1976|0x00000000fb800000, 0x00000000fb900000, 0x00000000fb900000|100%| O|  |TAMS 0x00000000fb800000| PB 0x00000000fb800000| Untracked 
|1977|0x00000000fb900000, 0x00000000fb900000, 0x00000000fba00000|  0%| F|  |TAMS 0x00000000fb900000| PB 0x00000000fb900000| Untracked 
|1978|0x00000000fba00000, 0x00000000fbb00000, 0x00000000fbb00000|100%| O|  |TAMS 0x00000000fba00000| PB 0x00000000fba00000| Untracked 
|1979|0x00000000fbb00000, 0x00000000fbc00000, 0x00000000fbc00000|100%| O|  |TAMS 0x00000000fbb00000| PB 0x00000000fbb00000| Untracked 
|1980|0x00000000fbc00000, 0x00000000fbd00000, 0x00000000fbd00000|100%| O|  |TAMS 0x00000000fbc00000| PB 0x00000000fbc00000| Untracked 
|1981|0x00000000fbd00000, 0x00000000fbe00000, 0x00000000fbe00000|100%| O|  |TAMS 0x00000000fbd00000| PB 0x00000000fbd00000| Untracked 
|1982|0x00000000fbe00000, 0x00000000fbf00000, 0x00000000fbf00000|100%| O|  |TAMS 0x00000000fbe00000| PB 0x00000000fbe00000| Untracked 
|1983|0x00000000fbf00000, 0x00000000fc000000, 0x00000000fc000000|100%| O|  |TAMS 0x00000000fbf00000| PB 0x00000000fbf00000| Untracked 
|1984|0x00000000fc000000, 0x00000000fc100000, 0x00000000fc100000|100%| O|  |TAMS 0x00000000fc000000| PB 0x00000000fc000000| Untracked 
|1985|0x00000000fc100000, 0x00000000fc200000, 0x00000000fc200000|100%| O|  |TAMS 0x00000000fc100000| PB 0x00000000fc100000| Untracked 
|1986|0x00000000fc200000, 0x00000000fc300000, 0x00000000fc300000|100%| O|  |TAMS 0x00000000fc200000| PB 0x00000000fc200000| Untracked 
|1987|0x00000000fc300000, 0x00000000fc400000, 0x00000000fc400000|100%| O|  |TAMS 0x00000000fc300000| PB 0x00000000fc300000| Untracked 
|1988|0x00000000fc400000, 0x00000000fc500000, 0x00000000fc500000|100%| O|  |TAMS 0x00000000fc400000| PB 0x00000000fc400000| Untracked 
|1989|0x00000000fc500000, 0x00000000fc600000, 0x00000000fc600000|100%| O|  |TAMS 0x00000000fc500000| PB 0x00000000fc500000| Untracked 
|1990|0x00000000fc600000, 0x00000000fc600000, 0x00000000fc700000|  0%| F|  |TAMS 0x00000000fc600000| PB 0x00000000fc600000| Untracked 
|1991|0x00000000fc700000, 0x00000000fc700000, 0x00000000fc800000|  0%| F|  |TAMS 0x00000000fc700000| PB 0x00000000fc700000| Untracked 
|1992|0x00000000fc800000, 0x00000000fc800000, 0x00000000fc900000|  0%| F|  |TAMS 0x00000000fc800000| PB 0x00000000fc800000| Untracked 
|1993|0x00000000fc900000, 0x00000000fc900000, 0x00000000fca00000|  0%| F|  |TAMS 0x00000000fc900000| PB 0x00000000fc900000| Untracked 
|1994|0x00000000fca00000, 0x00000000fca00000, 0x00000000fcb00000|  0%| F|  |TAMS 0x00000000fca00000| PB 0x00000000fca00000| Untracked 
|1995|0x00000000fcb00000, 0x00000000fcb00000, 0x00000000fcc00000|  0%| F|  |TAMS 0x00000000fcb00000| PB 0x00000000fcb00000| Untracked 
|1996|0x00000000fcc00000, 0x00000000fcc00000, 0x00000000fcd00000|  0%| F|  |TAMS 0x00000000fcc00000| PB 0x00000000fcc00000| Untracked 
|1997|0x00000000fcd00000, 0x00000000fcd00000, 0x00000000fce00000|  0%| F|  |TAMS 0x00000000fcd00000| PB 0x00000000fcd00000| Untracked 
|1998|0x00000000fce00000, 0x00000000fce00000, 0x00000000fcf00000|  0%| F|  |TAMS 0x00000000fce00000| PB 0x00000000fce00000| Untracked 
|1999|0x00000000fcf00000, 0x00000000fcf00000, 0x00000000fd000000|  0%| F|  |TAMS 0x00000000fcf00000| PB 0x00000000fcf00000| Untracked 
|2000|0x00000000fd000000, 0x00000000fd000000, 0x00000000fd100000|  0%| F|  |TAMS 0x00000000fd000000| PB 0x00000000fd000000| Untracked 
|2001|0x00000000fd100000, 0x00000000fd100000, 0x00000000fd200000|  0%| F|  |TAMS 0x00000000fd100000| PB 0x00000000fd100000| Untracked 
|2002|0x00000000fd200000, 0x00000000fd200000, 0x00000000fd300000|  0%| F|  |TAMS 0x00000000fd200000| PB 0x00000000fd200000| Untracked 
|2003|0x00000000fd300000, 0x00000000fd300000, 0x00000000fd400000|  0%| F|  |TAMS 0x00000000fd300000| PB 0x00000000fd300000| Untracked 
|2004|0x00000000fd400000, 0x00000000fd400000, 0x00000000fd500000|  0%| F|  |TAMS 0x00000000fd400000| PB 0x00000000fd400000| Untracked 
|2005|0x00000000fd500000, 0x00000000fd500000, 0x00000000fd600000|  0%| F|  |TAMS 0x00000000fd500000| PB 0x00000000fd500000| Untracked 
|2006|0x00000000fd600000, 0x00000000fd700000, 0x00000000fd700000|100%| O|  |TAMS 0x00000000fd600000| PB 0x00000000fd600000| Untracked 
|2007|0x00000000fd700000, 0x00000000fd800000, 0x00000000fd800000|100%| O|  |TAMS 0x00000000fd700000| PB 0x00000000fd700000| Untracked 
|2008|0x00000000fd800000, 0x00000000fd900000, 0x00000000fd900000|100%| O|  |TAMS 0x00000000fd800000| PB 0x00000000fd800000| Untracked 
|2009|0x00000000fd900000, 0x00000000fd900000, 0x00000000fda00000|  0%| F|  |TAMS 0x00000000fd900000| PB 0x00000000fd900000| Untracked 
|2010|0x00000000fda00000, 0x00000000fda00000, 0x00000000fdb00000|  0%| F|  |TAMS 0x00000000fda00000| PB 0x00000000fda00000| Untracked 
|2011|0x00000000fdb00000, 0x00000000fdb00000, 0x00000000fdc00000|  0%| F|  |TAMS 0x00000000fdb00000| PB 0x00000000fdb00000| Untracked 
|2012|0x00000000fdc00000, 0x00000000fdc00000, 0x00000000fdd00000|  0%| F|  |TAMS 0x00000000fdc00000| PB 0x00000000fdc00000| Untracked 
|2013|0x00000000fdd00000, 0x00000000fdd00000, 0x00000000fde00000|  0%| F|  |TAMS 0x00000000fdd00000| PB 0x00000000fdd00000| Untracked 
|2014|0x00000000fde00000, 0x00000000fde00000, 0x00000000fdf00000|  0%| F|  |TAMS 0x00000000fde00000| PB 0x00000000fde00000| Untracked 
|2015|0x00000000fdf00000, 0x00000000fdf00000, 0x00000000fe000000|  0%| F|  |TAMS 0x00000000fdf00000| PB 0x00000000fdf00000| Untracked 
|2016|0x00000000fe000000, 0x00000000fe000000, 0x00000000fe100000|  0%| F|  |TAMS 0x00000000fe000000| PB 0x00000000fe000000| Untracked 
|2017|0x00000000fe100000, 0x00000000fe200000, 0x00000000fe200000|100%| O|  |TAMS 0x00000000fe100000| PB 0x00000000fe100000| Untracked 
|2018|0x00000000fe200000, 0x00000000fe200000, 0x00000000fe300000|  0%| F|  |TAMS 0x00000000fe200000| PB 0x00000000fe200000| Untracked 
|2019|0x00000000fe300000, 0x00000000fe300000, 0x00000000fe400000|  0%| F|  |TAMS 0x00000000fe300000| PB 0x00000000fe300000| Untracked 
|2020|0x00000000fe400000, 0x00000000fe400000, 0x00000000fe500000|  0%| F|  |TAMS 0x00000000fe400000| PB 0x00000000fe400000| Untracked 
|2021|0x00000000fe500000, 0x00000000fe500000, 0x00000000fe600000|  0%| F|  |TAMS 0x00000000fe500000| PB 0x00000000fe500000| Untracked 
|2022|0x00000000fe600000, 0x00000000fe700000, 0x00000000fe700000|100%| O|  |TAMS 0x00000000fe600000| PB 0x00000000fe600000| Untracked 
|2023|0x00000000fe700000, 0x00000000fe700000, 0x00000000fe800000|  0%| F|  |TAMS 0x00000000fe700000| PB 0x00000000fe700000| Untracked 
|2024|0x00000000fe800000, 0x00000000fe800000, 0x00000000fe900000|  0%| F|  |TAMS 0x00000000fe800000| PB 0x00000000fe800000| Untracked 
|2025|0x00000000fe900000, 0x00000000fe900000, 0x00000000fea00000|  0%| F|  |TAMS 0x00000000fe900000| PB 0x00000000fe900000| Untracked 
|2026|0x00000000fea00000, 0x00000000fea00000, 0x00000000feb00000|  0%| F|  |TAMS 0x00000000fea00000| PB 0x00000000fea00000| Untracked 
|2027|0x00000000feb00000, 0x00000000fec00000, 0x00000000fec00000|100%| O|  |TAMS 0x00000000feb00000| PB 0x00000000feb00000| Untracked 
|2028|0x00000000fec00000, 0x00000000fed00000, 0x00000000fed00000|100%| O|  |TAMS 0x00000000fec00000| PB 0x00000000fec00000| Untracked 
|2029|0x00000000fed00000, 0x00000000fed00000, 0x00000000fee00000|  0%| F|  |TAMS 0x00000000fed00000| PB 0x00000000fed00000| Untracked 
|2030|0x00000000fee00000, 0x00000000fee00000, 0x00000000fef00000|  0%| F|  |TAMS 0x00000000fee00000| PB 0x00000000fee00000| Untracked 
|2031|0x00000000fef00000, 0x00000000fef00000, 0x00000000ff000000|  0%| F|  |TAMS 0x00000000fef00000| PB 0x00000000fef00000| Untracked 
|2032|0x00000000ff000000, 0x00000000ff000000, 0x00000000ff100000|  0%| F|  |TAMS 0x00000000ff000000| PB 0x00000000ff000000| Untracked 
|2033|0x00000000ff100000, 0x00000000ff100000, 0x00000000ff200000|  0%| F|  |TAMS 0x00000000ff100000| PB 0x00000000ff100000| Untracked 
|2034|0x00000000ff200000, 0x00000000ff300000, 0x00000000ff300000|100%| O|  |TAMS 0x00000000ff200000| PB 0x00000000ff200000| Untracked 
|2035|0x00000000ff300000, 0x00000000ff300000, 0x00000000ff400000|  0%| F|  |TAMS 0x00000000ff300000| PB 0x00000000ff300000| Untracked 
|2036|0x00000000ff400000, 0x00000000ff400000, 0x00000000ff500000|  0%| F|  |TAMS 0x00000000ff400000| PB 0x00000000ff400000| Untracked 
|2037|0x00000000ff500000, 0x00000000ff500000, 0x00000000ff600000|  0%| F|  |TAMS 0x00000000ff500000| PB 0x00000000ff500000| Untracked 
|2038|0x00000000ff600000, 0x00000000ff600000, 0x00000000ff700000|  0%| F|  |TAMS 0x00000000ff600000| PB 0x00000000ff600000| Untracked 
|2039|0x00000000ff700000, 0x00000000ff700000, 0x00000000ff800000|  0%| F|  |TAMS 0x00000000ff700000| PB 0x00000000ff700000| Untracked 
|2040|0x00000000ff800000, 0x00000000ff900000, 0x00000000ff900000|100%| O|  |TAMS 0x00000000ff800000| PB 0x00000000ff800000| Untracked 
|2041|0x00000000ff900000, 0x00000000ffa00000, 0x00000000ffa00000|100%| O|  |TAMS 0x00000000ff900000| PB 0x00000000ff900000| Untracked 
|2042|0x00000000ffa00000, 0x00000000ffb00000, 0x00000000ffb00000|100%| O|  |TAMS 0x00000000ffa00000| PB 0x00000000ffa00000| Untracked 
|2043|0x00000000ffb00000, 0x00000000ffc00000, 0x00000000ffc00000|100%| O|  |TAMS 0x00000000ffb00000| PB 0x00000000ffb00000| Untracked 
|2044|0x00000000ffc00000, 0x00000000ffc00000, 0x00000000ffd00000|  0%| F|  |TAMS 0x00000000ffc00000| PB 0x00000000ffc00000| Untracked 
|2045|0x00000000ffd00000, 0x00000000ffe00000, 0x00000000ffe00000|100%| O|  |TAMS 0x00000000ffd00000| PB 0x00000000ffd00000| Untracked 
|2046|0x00000000ffe00000, 0x00000000fff00000, 0x00000000fff00000|100%| O|  |TAMS 0x00000000ffe00000| PB 0x00000000ffe00000| Untracked 
|2047|0x00000000fff00000, 0x0000000100000000, 0x0000000100000000|100%| O|  |TAMS 0x00000000fff00000| PB 0x00000000fff00000| Untracked 

Card table byte_map: [0x000001b97e9a0000,0x000001b97eda0000] _byte_map_base: 0x000001b97e5a0000

Marking Bits: (CMBitMap*) 0x000001b96c183100
 Bits: [0x000001b900000000, 0x000001b902000000)

Polling page: 0x000001b96b8e0000

Metaspace:

Usage:
  Non-class:    143.26 MB used.
      Class:     21.30 MB used.
       Both:    164.56 MB used.

Virtual space:
  Non-class space:      192.00 MB reserved,     144.44 MB ( 75%) committed,  3 nodes.
      Class space:        1.00 GB reserved,      22.38 MB (  2%) committed,  1 nodes.
             Both:        1.19 GB reserved,     166.81 MB ( 14%) committed. 

Chunk freelists:
   Non-Class:  15.45 MB
       Class:  9.56 MB
        Both:  25.02 MB

MaxMetaspaceSize: unlimited
CompressedClassSpaceSize: 1.00 GB
Initial GC threshold: 21.00 MB
Current GC threshold: 278.06 MB
CDS: off
 - commit_granule_bytes: 65536.
 - commit_granule_words: 8192.
 - virtual_space_node_default_size: 8388608.
 - enlarge_chunks_in_place: 1.
 - use_allocation_guard: 0.


Internal statistics:

num_allocs_failed_limit: 6.
num_arena_births: 4462.
num_arena_deaths: 10.
num_vsnodes_births: 4.
num_vsnodes_deaths: 0.
num_space_committed: 2667.
num_space_uncommitted: 0.
num_chunks_returned_to_freelist: 26.
num_chunks_taken_from_freelist: 10866.
num_chunk_merges: 6.
num_chunk_splits: 7671.
num_chunks_enlarged: 5419.
num_inconsistent_stats: 0.

CodeHeap 'non-profiled nmethods': size=120000Kb used=13532Kb max_used=15334Kb free=106467Kb
 bounds [0x000001b976d40000, 0x000001b977c80000, 0x000001b97e270000]
CodeHeap 'profiled nmethods': size=120000Kb used=31121Kb max_used=39599Kb free=88878Kb
 bounds [0x000001b96f270000, 0x000001b971920000, 0x000001b9767a0000]
CodeHeap 'non-nmethods': size=5760Kb used=3151Kb max_used=3214Kb free=2608Kb
 bounds [0x000001b9767a0000, 0x000001b976ad0000, 0x000001b976d40000]
CodeCache: size=245760Kb, used=47804Kb, max_used=58147Kb, free=197953Kb
 total_blobs=16777, nmethods=15580, adapters=1099, full_count=0
Compilation: enabled, stopped_count=0, restarted_count=0

Compilation events (20 events):
Event: 196.411 Thread 0x000001b97fa2ac10 23681       3       org.objectweb.asm.tree.ClassNode::visit (37 bytes)
Event: 196.412 Thread 0x000001b97fa2ac10 nmethod 23681 0x000001b96f9bae90 code [0x000001b96f9bb040, 0x000001b96f9bb300]
Event: 196.447 Thread 0x000001b97fa2ac10 23682       3       org.objectweb.asm.Type::getArgumentTypes (8 bytes)
Event: 196.448 Thread 0x000001b97fa2ac10 nmethod 23682 0x000001b96f357490 code [0x000001b96f357640, 0x000001b96f3577b0]
Event: 196.457 Thread 0x000001b97fa23a70 23683       4       org.objectweb.asm.SymbolTable::addBootstrapMethod (209 bytes)
Event: 196.550 Thread 0x000001b97fa23a70 nmethod 23683 0x000001b976f4be90 code [0x000001b976f4c180, 0x000001b976f4dd48]
Event: 196.793 Thread 0x000001b97fa23a70 23684       4       java.util.Locale::equals (75 bytes)
Event: 196.795 Thread 0x000001b97fa23a70 nmethod 23684 0x000001b9771e8290 code [0x000001b9771e8420, 0x000001b9771e8590]
Event: 197.028 Thread 0x000001b97fa23a70 23685       4       java.util.Formatter$FormatSpecifier::print (66 bytes)
Event: 197.030 Thread 0x000001b97fa23a70 nmethod 23685 0x000001b976e33190 code [0x000001b976e33320, 0x000001b976e33408]
Event: 197.030 Thread 0x000001b97fa23a70 23686       4       org.gradle.internal.classpath.transforms.LambdaSerializationTransformer::generateSplitLambdaDeserializeMethod (33 bytes)
Event: 197.037 Thread 0x000001b97fa23a70 nmethod 23686 0x000001b976d68610 code [0x000001b976d687c0, 0x000001b976d68ae8]
Event: 197.188 Thread 0x000001b97fa23a70 23687       4       java.util.Formatter$FormatSpecifier::leadingSign (80 bytes)
Event: 197.190 Thread 0x000001b97fa23a70 nmethod 23687 0x000001b976e76490 code [0x000001b976e76620, 0x000001b976e76720]
Event: 197.300 Thread 0x000001b97fa2ac10 23688       3       java.util.concurrent.ScheduledThreadPoolExecutor$ScheduledFutureTask::isPeriodic (15 bytes)
Event: 197.300 Thread 0x000001b97fa2ac10 nmethod 23688 0x000001b96f337e10 code [0x000001b96f337fa0, 0x000001b96f338108]
Event: 197.896 Thread 0x000001b97fa23a70 23689   !   4       java.util.Formatter::format (284 bytes)
Event: 198.005 Thread 0x000001b97fa23a70 nmethod 23689 0x000001b977964190 code [0x000001b9779644e0, 0x000001b977966cd0]
Event: 198.227 Thread 0x000001b97fa2ac10 23690       3       org.objectweb.asm.tree.ClassNode::visitSource (11 bytes)
Event: 198.227 Thread 0x000001b97fa2ac10 nmethod 23690 0x000001b96f388590 code [0x000001b96f388740, 0x000001b96f3888f8]

GC Heap History (20 events):
Event: 168.655 GC heap after
{Heap after GC invocations=111 (full 0):
 garbage-first heap   total 636928K, used 280041K [0x0000000080000000, 0x0000000100000000)
  region size 1024K, 24 young (24576K), 24 survivors (24576K)
 Metaspace       used 168247K, committed 170560K, reserved 1245184K
  class space    used 21812K, committed 22912K, reserved 1048576K
}
Event: 181.323 GC heap before
{Heap before GC invocations=112 (full 0):
 garbage-first heap   total 636928K, used 583145K [0x0000000080000000, 0x0000000100000000)
  region size 1024K, 316 young (323584K), 24 survivors (24576K)
 Metaspace       used 168459K, committed 170816K, reserved 1245184K
  class space    used 21812K, committed 22912K, reserved 1048576K
}
Event: 181.684 GC heap after
{Heap after GC invocations=113 (full 0):
 garbage-first heap   total 651264K, used 327359K [0x0000000080000000, 0x0000000100000000)
  region size 1024K, 40 young (40960K), 40 survivors (40960K)
 Metaspace       used 168459K, committed 170816K, reserved 1245184K
  class space    used 21812K, committed 22912K, reserved 1048576K
}
Event: 181.723 GC heap before
{Heap before GC invocations=113 (full 0):
 garbage-first heap   total 651264K, used 328383K [0x0000000080000000, 0x0000000100000000)
  region size 1024K, 41 young (41984K), 40 survivors (40960K)
 Metaspace       used 168459K, committed 170816K, reserved 1245184K
  class space    used 21812K, committed 22912K, reserved 1048576K
}
Event: 181.875 GC heap after
{Heap after GC invocations=114 (full 0):
 garbage-first heap   total 651264K, used 332288K [0x0000000080000000, 0x0000000100000000)
  region size 1024K, 4 young (4096K), 4 survivors (4096K)
 Metaspace       used 168459K, committed 170816K, reserved 1245184K
  class space    used 21812K, committed 22912K, reserved 1048576K
}
Event: 184.898 GC heap before
{Heap before GC invocations=114 (full 0):
 garbage-first heap   total 651264K, used 597504K [0x0000000080000000, 0x0000000100000000)
  region size 1024K, 264 young (270336K), 4 survivors (4096K)
 Metaspace       used 168467K, committed 170816K, reserved 1245184K
  class space    used 21813K, committed 22912K, reserved 1048576K
}
Event: 184.914 GC heap after
{Heap after GC invocations=115 (full 0):
 garbage-first heap   total 651264K, used 335539K [0x0000000080000000, 0x0000000100000000)
  region size 1024K, 5 young (5120K), 5 survivors (5120K)
 Metaspace       used 168467K, committed 170816K, reserved 1245184K
  class space    used 21813K, committed 22912K, reserved 1048576K
}
Event: 186.091 GC heap before
{Heap before GC invocations=115 (full 0):
 garbage-first heap   total 651264K, used 449203K [0x0000000080000000, 0x0000000100000000)
  region size 1024K, 118 young (120832K), 5 survivors (5120K)
 Metaspace       used 168470K, committed 170816K, reserved 1245184K
  class space    used 21813K, committed 22912K, reserved 1048576K
}
Event: 186.184 GC heap after
{Heap after GC invocations=116 (full 0):
 garbage-first heap   total 651264K, used 347397K [0x0000000080000000, 0x0000000100000000)
  region size 1024K, 17 young (17408K), 17 survivors (17408K)
 Metaspace       used 168470K, committed 170816K, reserved 1245184K
  class space    used 21813K, committed 22912K, reserved 1048576K
}
Event: 189.021 GC heap before
{Heap before GC invocations=117 (full 0):
 garbage-first heap   total 651264K, used 533765K [0x0000000080000000, 0x0000000100000000)
  region size 1024K, 200 young (204800K), 17 survivors (17408K)
 Metaspace       used 168481K, committed 170816K, reserved 1245184K
  class space    used 21815K, committed 22912K, reserved 1048576K
}
Event: 189.121 GC heap after
{Heap after GC invocations=118 (full 0):
 garbage-first heap   total 651264K, used 358919K [0x0000000080000000, 0x0000000100000000)
  region size 1024K, 12 young (12288K), 12 survivors (12288K)
 Metaspace       used 168481K, committed 170816K, reserved 1245184K
  class space    used 21815K, committed 22912K, reserved 1048576K
}
Event: 190.849 GC heap before
{Heap before GC invocations=118 (full 0):
 garbage-first heap   total 651264K, used 579079K [0x0000000080000000, 0x0000000100000000)
  region size 1024K, 226 young (231424K), 12 survivors (12288K)
 Metaspace       used 168482K, committed 170816K, reserved 1245184K
  class space    used 21815K, committed 22912K, reserved 1048576K
}
Event: 190.895 GC heap after
{Heap after GC invocations=119 (full 0):
 garbage-first heap   total 651264K, used 360205K [0x0000000080000000, 0x0000000100000000)
  region size 1024K, 14 young (14336K), 14 survivors (14336K)
 Metaspace       used 168482K, committed 170816K, reserved 1245184K
  class space    used 21815K, committed 22912K, reserved 1048576K
}
Event: 192.390 GC heap before
{Heap before GC invocations=119 (full 0):
 garbage-first heap   total 651264K, used 585485K [0x0000000080000000, 0x0000000100000000)
  region size 1024K, 235 young (240640K), 14 survivors (14336K)
 Metaspace       used 168484K, committed 170816K, reserved 1245184K
  class space    used 21815K, committed 22912K, reserved 1048576K
}
Event: 192.466 GC heap after
{Heap after GC invocations=120 (full 0):
 garbage-first heap   total 651264K, used 354664K [0x0000000080000000, 0x0000000100000000)
  region size 1024K, 15 young (15360K), 15 survivors (15360K)
 Metaspace       used 168484K, committed 170816K, reserved 1245184K
  class space    used 21815K, committed 22912K, reserved 1048576K
}
Event: 194.455 GC heap before
{Heap before GC invocations=120 (full 0):
 garbage-first heap   total 651264K, used 591208K [0x0000000080000000, 0x0000000100000000)
  region size 1024K, 246 young (251904K), 15 survivors (15360K)
 Metaspace       used 168486K, committed 170816K, reserved 1245184K
  class space    used 21815K, committed 22912K, reserved 1048576K
}
Event: 194.522 GC heap after
{Heap after GC invocations=121 (full 0):
 garbage-first heap   total 651264K, used 356421K [0x0000000080000000, 0x0000000100000000)
  region size 1024K, 16 young (16384K), 16 survivors (16384K)
 Metaspace       used 168486K, committed 170816K, reserved 1245184K
  class space    used 21815K, committed 22912K, reserved 1048576K
}
Event: 197.463 GC heap before
{Heap before GC invocations=122 (full 0):
 garbage-first heap   total 651264K, used 598085K [0x0000000080000000, 0x0000000100000000)
  region size 1024K, 254 young (260096K), 16 survivors (16384K)
 Metaspace       used 168510K, committed 170816K, reserved 1245184K
  class space    used 21815K, committed 22912K, reserved 1048576K
}
Event: 197.575 GC heap after
{Heap after GC invocations=123 (full 0):
 garbage-first heap   total 651264K, used 356083K [0x0000000080000000, 0x0000000100000000)
  region size 1024K, 18 young (18432K), 18 survivors (18432K)
 Metaspace       used 168510K, committed 170816K, reserved 1245184K
  class space    used 21815K, committed 22912K, reserved 1048576K
}
Event: 198.967 GC heap before
{Heap before GC invocations=123 (full 0):
 garbage-first heap   total 651264K, used 597747K [0x0000000080000000, 0x0000000100000000)
  region size 1024K, 254 young (260096K), 18 survivors (18432K)
 Metaspace       used 168510K, committed 170816K, reserved 1245184K
  class space    used 21815K, committed 22912K, reserved 1048576K
}

Dll operation events (3 events):
Event: 0.127 Loaded shared library C:\Program Files\Android\Android Studio\jbr\bin\java.dll
Event: 0.144 Loaded shared library C:\Program Files\Android\Android Studio\jbr\bin\zip.dll
Event: 1.008 Loaded shared library C:\Program Files\Android\Android Studio\jbr\bin\verify.dll

Deoptimization events (20 events):
Event: 188.484 Thread 0x000001b9085e8130 Uncommon trap: trap_request=0xffffff45 fr.pc=0x000001b97711b7e0 relative=0x00000000000053e0
Event: 188.484 Thread 0x000001b9085e8130 Uncommon trap: reason=unstable_if action=reinterpret pc=0x000001b97711b7e0 method=org.objectweb.asm.ClassReader.accept(Lorg/objectweb/asm/ClassVisitor;[Lorg/objectweb/asm/Attribute;I)V @ 604 c2
Event: 188.484 Thread 0x000001b9085e8130 DEOPT PACKING pc=0x000001b97711b7e0 sp=0x0000007722afacd0
Event: 188.484 Thread 0x000001b9085e8130 DEOPT UNPACKING pc=0x000001b9767f46a2 sp=0x0000007722afacd8 mode 2
Event: 188.556 Thread 0x000001b9085e94e0 Uncommon trap: trap_request=0xffffff45 fr.pc=0x000001b977158230 relative=0x0000000000000810
Event: 188.556 Thread 0x000001b9085e94e0 Uncommon trap: reason=unstable_if action=reinterpret pc=0x000001b977158230 method=org.objectweb.asm.Label.put(Lorg/objectweb/asm/ByteVector;IZ)V @ 54 c2
Event: 188.556 Thread 0x000001b9085e94e0 DEOPT PACKING pc=0x000001b977158230 sp=0x00000077227fa7b0
Event: 188.556 Thread 0x000001b9085e94e0 DEOPT UNPACKING pc=0x000001b9767f46a2 sp=0x00000077227fa790 mode 2
Event: 189.361 Thread 0x000001b9085e94e0 Uncommon trap: trap_request=0xffffff45 fr.pc=0x000001b977135888 relative=0x0000000000000768
Event: 189.361 Thread 0x000001b9085e94e0 Uncommon trap: reason=unstable_if action=reinterpret pc=0x000001b977135888 method=org.objectweb.asm.SymbolTable.addConstantUtf8Reference(ILjava/lang/String;)Lorg/objectweb/asm/Symbol; @ 45 c2
Event: 189.361 Thread 0x000001b9085e94e0 DEOPT PACKING pc=0x000001b977135888 sp=0x00000077227fa810
Event: 189.361 Thread 0x000001b9085e94e0 DEOPT UNPACKING pc=0x000001b9767f46a2 sp=0x00000077227fa6e0 mode 2
Event: 194.440 Thread 0x000001b9085e94e0 Uncommon trap: trap_request=0xffffff45 fr.pc=0x000001b9771754a4 relative=0x0000000000002324
Event: 194.440 Thread 0x000001b9085e94e0 Uncommon trap: reason=unstable_if action=reinterpret pc=0x000001b9771754a4 method=org.objectweb.asm.SymbolTable.addBootstrapMethod(III)Lorg/objectweb/asm/Symbol; @ 75 c2
Event: 194.440 Thread 0x000001b9085e94e0 DEOPT PACKING pc=0x000001b9771754a4 sp=0x00000077227fa7a0
Event: 194.440 Thread 0x000001b9085e94e0 DEOPT UNPACKING pc=0x000001b9767f46a2 sp=0x00000077227fa6e0 mode 2
Event: 198.687 Thread 0x000001b9085e94e0 Uncommon trap: trap_request=0xffffffc6 fr.pc=0x000001b977c750d4 relative=0x0000000000005a34
Event: 198.687 Thread 0x000001b9085e94e0 Uncommon trap: reason=bimorphic_or_optimized_type_check action=maybe_recompile pc=0x000001b977c750d4 method=org.objectweb.asm.ClassReader.accept(Lorg/objectweb/asm/ClassVisitor;[Lorg/objectweb/asm/Attribute;I)V @ 743 c2
Event: 198.687 Thread 0x000001b9085e94e0 DEOPT PACKING pc=0x000001b977c750d4 sp=0x00000077227fa610
Event: 198.687 Thread 0x000001b9085e94e0 DEOPT UNPACKING pc=0x000001b9767f46a2 sp=0x00000077227fa610 mode 2

Classes loaded (20 events):
Event: 110.041 Loading class com/sun/org/apache/xerces/internal/dom/DeferredCommentImpl
Event: 110.041 Loading class com/sun/org/apache/xerces/internal/dom/CommentImpl
Event: 110.041 Loading class com/sun/org/apache/xerces/internal/dom/CommentImpl done
Event: 110.041 Loading class com/sun/org/apache/xerces/internal/dom/DeferredCommentImpl done
Event: 111.259 Loading class java/util/concurrent/locks/ReentrantReadWriteLock$Sync$HoldCounter
Event: 111.260 Loading class java/util/concurrent/locks/ReentrantReadWriteLock$Sync$HoldCounter done
Event: 117.493 Loading class com/sun/org/apache/xerces/internal/util/EncodingMap
Event: 117.497 Loading class com/sun/org/apache/xerces/internal/util/EncodingMap done
Event: 117.498 Loading class sun/nio/cs/ISO_8859_1$Decoder
Event: 117.499 Loading class sun/nio/cs/ISO_8859_1$Decoder done
Event: 124.371 Loading class java/util/Collections$ReverseComparator
Event: 124.372 Loading class java/util/Collections$ReverseComparator done
Event: 124.372 Loading class java/util/Collections$ReverseComparator2
Event: 124.372 Loading class java/util/Collections$ReverseComparator2 done
Event: 141.021 Loading class sun/security/ssl/Alert
Event: 141.029 Loading class sun/security/ssl/Alert done
Event: 141.030 Loading class sun/security/ssl/Alert$AlertConsumer
Event: 141.036 Loading class sun/security/ssl/Alert$AlertConsumer done
Event: 141.084 Loading class sun/security/ssl/Alert$Level
Event: 141.085 Loading class sun/security/ssl/Alert$Level done

Classes unloaded (20 events):
Event: 17.635 Thread 0x000001b97f9a4470 Unloading class 0x0000000100718568 '_BuildScript_$_run_closure1'
Event: 17.635 Thread 0x000001b97f9a4470 Unloading class 0x0000000100718000 '_BuildScript_'
Event: 19.816 Thread 0x000001b97f9a4470 Unloading class 0x00000001007e4988 '_BuildScript_$_run_closure1$_closure2'
Event: 19.816 Thread 0x000001b97f9a4470 Unloading class 0x00000001007e4568 '_BuildScript_$_run_closure1'
Event: 19.816 Thread 0x000001b97f9a4470 Unloading class 0x00000001007e4000 '_BuildScript_'
Event: 32.924 Thread 0x000001b97f9a4470 Unloading class 0x00000001009b1420 '_BuildScript_$_run_closure1$_closure2'
Event: 32.924 Thread 0x000001b97f9a4470 Unloading class 0x00000001009b1000 '_BuildScript_$_run_closure1'
Event: 32.924 Thread 0x000001b97f9a4470 Unloading class 0x00000001009b0800 '_BuildScript_'
Event: 32.924 Thread 0x000001b97f9a4470 Unloading class 0x00000001009ac988 '_BuildScript_$_run_closure2'
Event: 32.924 Thread 0x000001b97f9a4470 Unloading class 0x00000001009ac568 '_BuildScript_$_run_closure1'
Event: 32.924 Thread 0x000001b97f9a4470 Unloading class 0x00000001009ac000 '_BuildScript_'
Event: 74.050 Thread 0x000001b97f9a4470 Unloading class 0x00000001009be000 '_BuildScript_$_run_closure1$_closure3'
Event: 74.050 Thread 0x000001b97f9a4470 Unloading class 0x00000001009bd8b8 '_BuildScript_$_run_closure1$_closure2'
Event: 74.050 Thread 0x000001b97f9a4470 Unloading class 0x00000001009bd498 '_BuildScript_$_run_closure1'
Event: 74.050 Thread 0x000001b97f9a4470 Unloading class 0x00000001009bcf30 '_BuildScript_'
Event: 74.050 Thread 0x000001b97f9a4470 Unloading class 0x00000001009bcb10 'JetGradlePlugin$_apply_closure1$_closure2$_closure3'
Event: 74.050 Thread 0x000001b97f9a4470 Unloading class 0x00000001009bc6f0 'JetGradlePlugin$_apply_closure1$_closure2'
Event: 74.050 Thread 0x000001b97f9a4470 Unloading class 0x00000001009bc2d0 'JetGradlePlugin$_apply_closure1'
Event: 74.050 Thread 0x000001b97f9a4470 Unloading class 0x00000001009bc000 'JetGradlePlugin'
Event: 74.050 Thread 0x000001b97f9a4470 Unloading class 0x00000001009b0c00 'RegistryProcessor'

Classes redefined (0 events):
No events

Internal exceptions (20 events):
Event: 182.029 Thread 0x000001b9085e8130 Exception <a 'sun/nio/fs/WindowsException'{0x00000000ffc88598}> (0x00000000ffc88598) 
thrown [s\src\hotspot\share\prims\jni.cpp, line 537]
Event: 182.054 Thread 0x000001b9085e7aa0 Exception <a 'sun/nio/fs/WindowsException'{0x00000000ffca6370}> (0x00000000ffca6370) 
thrown [s\src\hotspot\share\prims\jni.cpp, line 537]
Event: 182.674 Thread 0x000001b9085e9b70 Exception <a 'sun/nio/fs/WindowsException'{0x00000000a2208368}> (0x00000000a2208368) 
thrown [s\src\hotspot\share\prims\jni.cpp, line 537]
Event: 182.747 Thread 0x000001b908412c70 Exception <a 'sun/nio/fs/WindowsException'{0x00000000a15a4310}> (0x00000000a15a4310) 
thrown [s\src\hotspot\share\prims\jni.cpp, line 537]
Event: 183.062 Thread 0x000001b9085eb5b0 Exception <a 'sun/nio/fs/WindowsException'{0x00000000a040a640}> (0x00000000a040a640) 
thrown [s\src\hotspot\share\prims\jni.cpp, line 537]
Event: 183.631 Thread 0x000001b9085e8130 Exception <a 'sun/nio/fs/WindowsException'{0x000000009d1ac760}> (0x000000009d1ac760) 
thrown [s\src\hotspot\share\prims\jni.cpp, line 537]
Event: 183.903 Thread 0x000001b9085e9b70 Exception <a 'sun/nio/fs/WindowsException'{0x000000009aecd990}> (0x000000009aecd990) 
thrown [s\src\hotspot\share\prims\jni.cpp, line 537]
Event: 183.999 Thread 0x000001b908412c70 Exception <a 'sun/nio/fs/WindowsException'{0x000000009aaca8a8}> (0x000000009aaca8a8) 
thrown [s\src\hotspot\share\prims\jni.cpp, line 537]
Event: 184.145 Thread 0x000001b9085eb5b0 Exception <a 'sun/nio/fs/WindowsException'{0x0000000099e66410}> (0x0000000099e66410) 
thrown [s\src\hotspot\share\prims\jni.cpp, line 537]
Event: 184.346 Thread 0x000001b9085e8130 Exception <a 'sun/nio/fs/WindowsException'{0x00000000991b9a08}> (0x00000000991b9a08) 
thrown [s\src\hotspot\share\prims\jni.cpp, line 537]
Event: 184.878 Thread 0x000001b9085eb5b0 Exception <a 'sun/nio/fs/WindowsException'{0x0000000095d3c2b8}> (0x0000000095d3c2b8) 
thrown [s\src\hotspot\share\prims\jni.cpp, line 537]
Event: 184.938 Thread 0x000001b9085ea890 Exception <a 'sun/nio/fs/WindowsException'{0x00000000ffc28d98}> (0x00000000ffc28d98) 
thrown [s\src\hotspot\share\prims\jni.cpp, line 537]
Event: 184.977 Thread 0x000001b908412c70 Exception <a 'sun/nio/fs/WindowsException'{0x00000000ffcf7f50}> (0x00000000ffcf7f50) 
thrown [s\src\hotspot\share\prims\jni.cpp, line 537]
Event: 185.984 Thread 0x000001b9085eb5b0 Exception <a 'sun/nio/fs/WindowsException'{0x00000000a0ca8ea0}> (0x00000000a0ca8ea0) 
thrown [s\src\hotspot\share\prims\jni.cpp, line 537]
Event: 186.059 Thread 0x000001b9085e8130 Exception <a 'sun/nio/fs/WindowsException'{0x000000009f81a860}> (0x000000009f81a860) 
thrown [s\src\hotspot\share\prims\jni.cpp, line 537]
Event: 187.436 Thread 0x000001b908412c70 Exception <a 'sun/nio/fs/WindowsException'{0x00000000ffcb1380}> (0x00000000ffcb1380) 
thrown [s\src\hotspot\share\prims\jni.cpp, line 537]
Event: 187.801 Thread 0x000001b9085eb5b0 Exception <a 'sun/nio/fs/WindowsException'{0x00000000a2badea8}> (0x00000000a2badea8) 
thrown [s\src\hotspot\share\prims\jni.cpp, line 537]
Event: 188.878 Thread 0x000001b9085e9b70 Exception <a 'sun/nio/fs/WindowsException'{0x000000009b609eb8}> (0x000000009b609eb8) 
thrown [s\src\hotspot\share\prims\jni.cpp, line 537]
Event: 189.006 Thread 0x000001b9085eb5b0 Exception <a 'sun/nio/fs/WindowsException'{0x000000009a79dd40}> (0x000000009a79dd40) 
thrown [s\src\hotspot\share\prims\jni.cpp, line 537]
Event: 193.977 Thread 0x000001b908412c70 Exception <a 'sun/nio/fs/WindowsException'{0x000000009eaf2ea8}> (0x000000009eaf2ea8) 
thrown [s\src\hotspot\share\prims\jni.cpp, line 537]

ZGC Phase Switch (0 events):
No events

VM Operations (20 events):
Event: 192.466 Executing VM operation: G1CollectForAllocation (G1 Evacuation Pause) done
Event: 193.472 Executing VM operation: Cleanup
Event: 193.472 Executing VM operation: Cleanup done
Event: 194.454 Executing VM operation: G1CollectForAllocation (G1 Evacuation Pause)
Event: 194.454 Executing VM operation: G1CollectForAllocation (G1 Evacuation Pause) done
Event: 194.455 Executing VM operation: G1CollectForAllocation (GCLocker Initiated GC)
Event: 194.522 Executing VM operation: G1CollectForAllocation (GCLocker Initiated GC) done
Event: 195.531 Executing VM operation: Cleanup
Event: 195.596 Executing VM operation: Cleanup done
Event: 195.600 Executing VM operation: G1PauseRemark
Event: 195.689 Executing VM operation: G1PauseRemark done
Event: 196.162 Executing VM operation: G1PauseCleanup
Event: 196.163 Executing VM operation: G1PauseCleanup done
Event: 197.166 Executing VM operation: Cleanup
Event: 197.166 Executing VM operation: Cleanup done
Event: 197.463 Executing VM operation: G1CollectForAllocation (G1 Evacuation Pause)
Event: 197.463 Executing VM operation: G1CollectForAllocation (G1 Evacuation Pause) done
Event: 197.463 Executing VM operation: G1CollectForAllocation (GCLocker Initiated GC)
Event: 197.575 Executing VM operation: G1CollectForAllocation (GCLocker Initiated GC) done
Event: 198.966 Executing VM operation: G1CollectForAllocation (G1 Evacuation Pause)

Memory protections (0 events):
No events

Nmethod flushes (20 events):
Event: 195.683 Thread 0x000001b97f9a4470 flushing  nmethod 0x000001b96fa21010
Event: 195.683 Thread 0x000001b97f9a4470 flushing  nmethod 0x000001b96fa24210
Event: 195.683 Thread 0x000001b97f9a4470 flushing  nmethod 0x000001b96fa24a10
Event: 195.683 Thread 0x000001b97f9a4470 flushing  nmethod 0x000001b96fa28210
Event: 195.683 Thread 0x000001b97f9a4470 flushing  nmethod 0x000001b96fa28690
Event: 195.683 Thread 0x000001b97f9a4470 flushing  nmethod 0x000001b96fa29f10
Event: 195.683 Thread 0x000001b97f9a4470 flushing  nmethod 0x000001b96fa2a790
Event: 195.683 Thread 0x000001b97f9a4470 flushing  nmethod 0x000001b96fa2bd10
Event: 195.683 Thread 0x000001b97f9a4470 flushing  nmethod 0x000001b96fa47010
Event: 195.683 Thread 0x000001b97f9a4470 flushing  nmethod 0x000001b96fa48d10
Event: 195.683 Thread 0x000001b97f9a4470 flushing  nmethod 0x000001b96fa49410
Event: 195.683 Thread 0x000001b97f9a4470 flushing  nmethod 0x000001b96fa4a010
Event: 195.683 Thread 0x000001b97f9a4470 flushing  nmethod 0x000001b96fa4a510
Event: 195.683 Thread 0x000001b97f9a4470 flushing  nmethod 0x000001b96fa4b210
Event: 195.683 Thread 0x000001b97f9a4470 flushing  nmethod 0x000001b96fa4d510
Event: 195.683 Thread 0x000001b97f9a4470 flushing  nmethod 0x000001b96fa4e890
Event: 195.683 Thread 0x000001b97f9a4470 flushing  nmethod 0x000001b96fa4f110
Event: 195.683 Thread 0x000001b97f9a4470 flushing  nmethod 0x000001b97073ed10
Event: 195.683 Thread 0x000001b97f9a4470 flushing  nmethod 0x000001b970778590
Event: 195.683 Thread 0x000001b97f9a4470 flushing  nmethod 0x000001b9715a6d10

Events (20 events):
Event: 139.153 Thread 0x000001b908412c70 Thread added: 0x000001b90adb9810
Event: 139.153 Thread 0x000001b9110c7700 Thread exited: 0x000001b9110c7700
Event: 139.499 Thread 0x000001b9112234b0 Thread exited: 0x000001b9112234b0
Event: 171.097 Thread 0x000001b908412c70 Thread added: 0x000001b9085e7410
Event: 171.197 Thread 0x000001b908412c70 Thread added: 0x000001b9085ea890
Event: 171.199 Thread 0x000001b908412c70 Thread added: 0x000001b9085e9b70
Event: 171.203 Thread 0x000001b908412c70 Thread added: 0x000001b9085e94e0
Event: 171.204 Thread 0x000001b908412c70 Thread added: 0x000001b9085e7aa0
Event: 171.205 Thread 0x000001b908412c70 Thread added: 0x000001b9085eb5b0
Event: 171.206 Thread 0x000001b908412c70 Thread added: 0x000001b9085e8130
Event: 171.467 Thread 0x000001b97fa2ac10 Thread added: 0x000001b9112212a0
Event: 171.468 Thread 0x000001b97fa2ac10 Thread added: 0x000001b911221970
Event: 173.770 Thread 0x000001b911221970 Thread exited: 0x000001b911221970
Event: 174.079 Thread 0x000001b9112212a0 Thread exited: 0x000001b9112212a0
Event: 175.309 Thread 0x000001b97fa2ac10 Thread added: 0x000001b9112212a0
Event: 176.273 Thread 0x000001b9112212a0 Thread exited: 0x000001b9112212a0
Event: 177.144 Thread 0x000001b97fa2ac10 Thread added: 0x000001b9112212a0
Event: 177.420 Thread 0x000001b97fa23a70 Thread added: 0x000001b911221970
Event: 179.257 Thread 0x000001b911221970 Thread exited: 0x000001b911221970
Event: 179.258 Thread 0x000001b9112212a0 Thread exited: 0x000001b9112212a0


Dynamic libraries:
0x00007ff72db00000 - 0x00007ff72db0a000 	C:\Program Files\Android\Android Studio\jbr\bin\java.exe
0x00007fff943a0000 - 0x00007fff94608000 	C:\WINDOWS\SYSTEM32\ntdll.dll
0x00007fff93100000 - 0x00007fff931c9000 	C:\WINDOWS\System32\KERNEL32.DLL
0x00007fff916d0000 - 0x00007fff91ac2000 	C:\WINDOWS\System32\KERNELBASE.dll
0x00007fff8d5a0000 - 0x00007fff8d63f000 	C:\WINDOWS\SYSTEM32\apphelp.dll
0x00007fff92020000 - 0x00007fff9216b000 	C:\WINDOWS\System32\ucrtbase.dll
0x00007fff740b0000 - 0x00007fff740cb000 	C:\Program Files\Android\Android Studio\jbr\bin\VCRUNTIME140.dll
0x00007fff8d500000 - 0x00007fff8d518000 	C:\Program Files\Android\Android Studio\jbr\bin\jli.dll
0x00007fff93610000 - 0x00007fff937d5000 	C:\WINDOWS\System32\USER32.dll
0x00007fff91530000 - 0x00007fff91557000 	C:\WINDOWS\System32\win32u.dll
0x00007fff90740000 - 0x00007fff909d3000 	C:\WINDOWS\WinSxS\amd64_microsoft.windows.common-controls_6595b64144ccf1df_6.0.26100.6899_none_3e0efeeae32e88c1\COMCTL32.dll
0x00007fff940b0000 - 0x00007fff94159000 	C:\WINDOWS\System32\msvcrt.dll
0x00007fff937e0000 - 0x00007fff9380b000 	C:\WINDOWS\System32\GDI32.dll
0x00007fff91d70000 - 0x00007fff91e9d000 	C:\WINDOWS\System32\gdi32full.dll
0x00007fff91b60000 - 0x00007fff91c03000 	C:\WINDOWS\System32\msvcp_win.dll
0x00007fff94320000 - 0x00007fff9434f000 	C:\WINDOWS\System32\IMM32.DLL
0x00007fff8d560000 - 0x00007fff8d56c000 	C:\Program Files\Android\Android Studio\jbr\bin\vcruntime140_1.dll
0x00007fff75860000 - 0x00007fff758ed000 	C:\Program Files\Android\Android Studio\jbr\bin\msvcp140.dll
0x00007ffef5ee0000 - 0x00007ffef6b76000 	C:\Program Files\Android\Android Studio\jbr\bin\server\jvm.dll
0x00007fff92990000 - 0x00007fff92a44000 	C:\WINDOWS\System32\ADVAPI32.dll
0x00007fff932d0000 - 0x00007fff93376000 	C:\WINDOWS\System32\sechost.dll
0x00007fff93f10000 - 0x00007fff94028000 	C:\WINDOWS\System32\RPCRT4.dll
0x00007fff93220000 - 0x00007fff93294000 	C:\WINDOWS\System32\WS2_32.dll
0x00007fff91390000 - 0x00007fff913ee000 	C:\WINDOWS\SYSTEM32\POWRPROF.dll
0x00007fff87460000 - 0x00007fff87495000 	C:\WINDOWS\SYSTEM32\WINMM.dll
0x00007fff8b530000 - 0x00007fff8b53b000 	C:\WINDOWS\SYSTEM32\VERSION.dll
0x00007fff91370000 - 0x00007fff91384000 	C:\WINDOWS\SYSTEM32\UMPDC.dll
0x00007fff8f970000 - 0x00007fff8f98b000 	C:\WINDOWS\SYSTEM32\kernel.appcore.dll
0x00007fff8d540000 - 0x00007fff8d54a000 	C:\Program Files\Android\Android Studio\jbr\bin\jimage.dll
0x00007fff90d10000 - 0x00007fff90f52000 	C:\WINDOWS\SYSTEM32\DBGHELP.DLL
0x00007fff93820000 - 0x00007fff93b9b000 	C:\WINDOWS\System32\combase.dll
0x00007fff93480000 - 0x00007fff93557000 	C:\WINDOWS\System32\OLEAUT32.dll
0x00007fff90be0000 - 0x00007fff90c1c000 	C:\WINDOWS\SYSTEM32\dbgcore.DLL
0x00007fff91cd0000 - 0x00007fff91d68000 	C:\WINDOWS\System32\bcryptPrimitives.dll
0x00007fff8ab00000 - 0x00007fff8ab0e000 	C:\Program Files\Android\Android Studio\jbr\bin\instrument.dll
0x00007fff73ff0000 - 0x00007fff74010000 	C:\Program Files\Android\Android Studio\jbr\bin\java.dll
0x00007fff6e480000 - 0x00007fff6e498000 	C:\Program Files\Android\Android Studio\jbr\bin\zip.dll
0x00007fff92230000 - 0x00007fff9297d000 	C:\WINDOWS\System32\SHELL32.dll
0x00007fff91560000 - 0x00007fff916cb000 	C:\WINDOWS\System32\wintypes.dll
0x00007fff8e700000 - 0x00007fff8ef5d000 	C:\WINDOWS\SYSTEM32\windows.storage.dll
0x00007fff93d90000 - 0x00007fff93e82000 	C:\WINDOWS\System32\SHCORE.dll
0x00007fff93ea0000 - 0x00007fff93f02000 	C:\WINDOWS\System32\shlwapi.dll
0x00007fff91450000 - 0x00007fff91479000 	C:\WINDOWS\SYSTEM32\profapi.dll
0x00007fff8aae0000 - 0x00007fff8aaf0000 	C:\Program Files\Android\Android Studio\jbr\bin\net.dll
0x00007fff80190000 - 0x00007fff802af000 	C:\WINDOWS\SYSTEM32\WINHTTP.dll
0x00007fff8ff20000 - 0x00007fff8ff8b000 	C:\WINDOWS\system32\mswsock.dll
0x00007fff6e460000 - 0x00007fff6e476000 	C:\Program Files\Android\Android Studio\jbr\bin\nio.dll
0x00007fff6d7e0000 - 0x00007fff6d7f0000 	C:\Program Files\Android\Android Studio\jbr\bin\verify.dll
0x00007fff754b0000 - 0x00007fff754d7000 	C:\Users\samiu\.gradle\native\1def1411415f61bf3af743bc5b6707747c0891f09f0c88961ee8f79bc544acac\windows-amd64\native-platform.dll
0x00007fff748a0000 - 0x00007fff74918000 	C:\Users\samiu\.gradle\native\0.2.7\x86_64-windows-gnu\gradle-fileevents.dll
0x00007fff6e3a0000 - 0x00007fff6e3a9000 	C:\Program Files\Android\Android Studio\jbr\bin\management.dll
0x00007fff6e280000 - 0x00007fff6e28b000 	C:\Program Files\Android\Android Studio\jbr\bin\management_ext.dll
0x00007fff93e90000 - 0x00007fff93e98000 	C:\WINDOWS\System32\PSAPI.DLL
0x00007fff8f460000 - 0x00007fff8f494000 	C:\WINDOWS\SYSTEM32\IPHLPAPI.DLL
0x00007fff93810000 - 0x00007fff9381a000 	C:\WINDOWS\System32\NSI.dll
0x00007fff7a980000 - 0x00007fff7a989000 	C:\Program Files\Android\Android Studio\jbr\bin\extnet.dll
0x00007fff91060000 - 0x00007fff9107b000 	C:\WINDOWS\SYSTEM32\CRYPTSP.dll
0x00007fff8fcb0000 - 0x00007fff8fceb000 	C:\WINDOWS\system32\rsaenh.dll
0x00007fff8fff0000 - 0x00007fff9001b000 	C:\WINDOWS\SYSTEM32\USERENV.dll
0x00007fff91420000 - 0x00007fff91446000 	C:\WINDOWS\SYSTEM32\bcrypt.dll
0x00007fff903e0000 - 0x00007fff903ec000 	C:\WINDOWS\SYSTEM32\CRYPTBASE.dll
0x00007fff5eb00000 - 0x00007fff5eb08000 	C:\WINDOWS\system32\wshunix.dll
0x00007fff90cb0000 - 0x00007fff90ce6000 	C:\WINDOWS\SYSTEM32\ntmarta.dll
0x00007fff8f4a0000 - 0x00007fff8f5c6000 	C:\WINDOWS\SYSTEM32\DNSAPI.dll
0x00007fff87250000 - 0x00007fff8725b000 	C:\Windows\System32\rasadhlp.dll
0x00007fff86c60000 - 0x00007fff86ce6000 	C:\WINDOWS\System32\fwpuclnt.dll

JVMTI agents:
C:\Users\samiu\.gradle\wrapper\dists\gradle-8.13-bin\5xuhj0ry160q40clulazy9h7d\gradle-8.13\lib\agents\gradle-instrumentation-agent-8.13.jar path:C:\Program Files\Android\Android Studio\jbr\bin\instrument.dll, loaded, initialized, instrumentlib options:none

dbghelp: loaded successfully - version: 4.0.5 - missing functions: none
symbol engine: initialized successfully - sym options: 0x614 - pdb path: .;C:\Program Files\Android\Android Studio\jbr\bin;C:\WINDOWS\SYSTEM32;C:\WINDOWS\WinSxS\amd64_microsoft.windows.common-controls_6595b64144ccf1df_6.0.26100.6899_none_3e0efeeae32e88c1;C:\Program Files\Android\Android Studio\jbr\bin\server;C:\Users\samiu\.gradle\native\1def1411415f61bf3af743bc5b6707747c0891f09f0c88961ee8f79bc544acac\windows-amd64;C:\Users\samiu\.gradle\native\0.2.7\x86_64-windows-gnu

VM Arguments:
jvm_args: --add-opens=java.base/java.lang=ALL-UNNAMED --add-opens=java.base/java.lang.invoke=ALL-UNNAMED --add-opens=java.base/java.util=ALL-UNNAMED --add-opens=java.prefs/java.util.prefs=ALL-UNNAMED --add-exports=jdk.compiler/com.sun.tools.javac.api=ALL-UNNAMED --add-exports=jdk.compiler/com.sun.tools.javac.util=ALL-UNNAMED --add-opens=java.base/java.util=ALL-UNNAMED --add-opens=java.prefs/java.util.prefs=ALL-UNNAMED --add-opens=java.base/java.nio.charset=ALL-UNNAMED --add-opens=java.base/java.net=ALL-UNNAMED --add-opens=java.base/java.util.concurrent.atomic=ALL-UNNAMED --add-opens=java.xml/javax.xml.namespace=ALL-UNNAMED -Xmx2048m -Dfile.encoding=UTF-8 -Duser.country=GB -Duser.language=en -Duser.variant -javaagent:C:\Users\samiu\.gradle\wrapper\dists\gradle-8.13-bin\5xuhj0ry160q40clulazy9h7d\gradle-8.13\lib\agents\gradle-instrumentation-agent-8.13.jar 
java_command: org.gradle.launcher.daemon.bootstrap.GradleDaemon 8.13
java_class_path (initial): C:\Users\samiu\.gradle\wrapper\dists\gradle-8.13-bin\5xuhj0ry160q40clulazy9h7d\gradle-8.13\lib\gradle-daemon-main-8.13.jar
Launcher Type: SUN_STANDARD

[Global flags]
     intx CICompilerCount                          = 4                                         {product} {ergonomic}
     uint ConcGCThreads                            = 2                                         {product} {ergonomic}
     uint G1ConcRefinementThreads                  = 8                                         {product} {ergonomic}
   size_t G1HeapRegionSize                         = 1048576                                   {product} {ergonomic}
    uintx GCDrainStackTargetSize                   = 64                                        {product} {ergonomic}
   size_t InitialHeapSize                          = 130023424                                 {product} {ergonomic}
   size_t MarkStackSize                            = 4194304                                   {product} {ergonomic}
   size_t MaxHeapSize                              = 2147483648                                {product} {command line}
   size_t MaxNewSize                               = 1287651328                                {product} {ergonomic}
   size_t MinHeapDeltaBytes                        = 1048576                                   {product} {ergonomic}
   size_t MinHeapSize                              = 8388608                                   {product} {ergonomic}
    uintx NonNMethodCodeHeapSize                   = 5839372                                {pd product} {ergonomic}
    uintx NonProfiledCodeHeapSize                  = 122909434                              {pd product} {ergonomic}
    uintx ProfiledCodeHeapSize                     = 122909434                              {pd product} {ergonomic}
    uintx ReservedCodeCacheSize                    = 251658240                              {pd product} {ergonomic}
     bool SegmentedCodeCache                       = true                                      {product} {ergonomic}
   size_t SoftMaxHeapSize                          = 2147483648                             {manageable} {ergonomic}
     bool UseCompressedOops                        = true                           {product lp64_product} {ergonomic}
     bool UseG1GC                                  = true                                      {product} {ergonomic}
     bool UseLargePagesIndividualAllocation        = false                                  {pd product} {ergonomic}

Logging:
Log output configuration:
 #0: stdout all=warning uptime,level,tags foldmultilines=false
 #1: stderr all=off uptime,level,tags foldmultilines=false

Environment Variables:
PATH=C:\Program Files\Google\Chrome\Application;C:\WINDOWS\system32;C:\WINDOWS;C:\WINDOWS\System32\Wbem;C:\WINDOWS\System32\WindowsPowerShell\v1.0\;C:\WINDOWS\System32\OpenSSH\;C:\Program Files\cursor\resources\app\bin;C:\Program Files\Git\cmd;C:\Program Files\Cloudflare\Cloudflare WARP\;C:\Users\samiu\AppData\Local\Microsoft\WindowsApps;C:\Users\samiu\AppData\Local\Programs\Microsoft VS Code\bin
USERNAME=samiu
OS=Windows_NT
PROCESSOR_IDENTIFIER=Intel64 Family 6 Model 186 Stepping 3, GenuineIntel
TMP=C:\Users\samiu\AppData\Local\Temp
TEMP=C:\Users\samiu\AppData\Local\Temp




Periodic native trim disabled

JNI global refs:
JNI global refs: 28, weak refs: 0

JNI global refs memory usage: 835, weak refs: 833

Process memory usage:
Resident Set Size: 871076K (10% of 7999248K total physical memory with 497348K free physical memory)

OOME stack traces (most recent first):
Classloader memory used:
Loader org.gradle.internal.classloader.VisitableURLClassLoader                         : 109M
Loader bootstrap                                                                       : 33444K
Loader org.gradle.initialization.MixInLegacyTypesClassLoader                           : 11733K
Loader jdk.internal.loader.ClassLoaders$AppClassLoader                                 : 7761K
Loader jdk.internal.loader.ClassLoaders$PlatformClassLoader                            : 1004K
Loader org.gradle.internal.classloader.VisitableURLClassLoader                         : 937K
Loader org.gradle.internal.classloader.VisitableURLClassLoader$InstrumentingVisitableURLClassLoader: 736K
Loader jdk.internal.jrtfs.JrtFileSystemProvider$JrtFsLoader                            : 340K
Loader jdk.internal.reflect.DelegatingClassLoader                                      : 281K
Loader org.gradle.groovy.scripts.internal.DefaultScriptCompilationHandler$ScriptClassLoader: 90760B
Loader org.codehaus.groovy.runtime.callsite.CallSiteClassLoader                        : 49912B

Classes loaded by more than one classloader:
Class org.gradle.api.GradleException                                                  : loaded 3 times (x 82B)
Class Program                                                                         : loaded 3 times (x 72B)
Class jdk.internal.jimage.BasicImageReader                                            : loaded 2 times (x 95B)
Class org.gradle.internal.classloader.ClassLoaderHierarchy                            : loaded 2 times (x 70B)
Class ijInit1_b8tbxn4zzeu1ysuasnovjxmsx                                               : loaded 2 times (x 179B)
Class org.gradle.api.internal.classpath.ManifestUtil                                  : loaded 2 times (x 71B)
Class org.jetbrains.plugins.gradle.model.GradleExtensions                             : loaded 2 times (x 70B)
Class org.jetbrains.plugins.gradle.model.AnnotationProcessingModel                    : loaded 2 times (x 70B)
Class jdk.internal.jimage.decompressor.StringSharingDecompressorFactory               : loaded 2 times (x 74B)
Class org.gradle.internal.operations.MultipleBuildOperationFailures                   : loaded 2 times (x 95B)
Class org.gradle.internal.classloader.DefaultClassLoaderFactory                       : loaded 2 times (x 82B)
Class kotlin.collections.AbstractList$Companion                                       : loaded 2 times (x 71B)
Class org.gradle.internal.classloader.ClassLoaderVisitor                              : loaded 2 times (x 76B)
Class org.gradle.api.internal.classpath.EffectiveClassPath                            : loaded 2 times (x 90B)
Class org.gradle.tooling.internal.gradle.DefaultProjectIdentifier                     : loaded 2 times (x 86B)
Class org.gradle.api.internal.DefaultClassPathProvider                                : loaded 2 times (x 76B)
Class [Lorg.gradle.api.internal.ClassPathProvider;                                    : loaded 2 times (x 69B)
Class org.gradle.api.internal.ClassPathProvider                                       : loaded 2 times (x 70B)
Class jdk.internal.jrtfs.SystemImage                                                  : loaded 2 times (x 74B)
Class org.gradle.internal.service.UnknownServiceException                             : loaded 2 times (x 83B)
Class org.jetbrains.kotlin.idea.gradleTooling.KotlinDslScriptAdditionalTask           : loaded 2 times (x 70B)
Class jdk.internal.jimage.ImageReader$LinkNode                                        : loaded 2 times (x 84B)
Class org.gradle.internal.classpath.TransformedClassPath                              : loaded 2 times (x 96B)
Class org.gradle.internal.classloader.InstrumentingClassLoader                        : loaded 2 times (x 70B)
Class jdk.internal.jrtfs.SystemImage$1                                                : loaded 2 times (x 78B)
Class kotlin.enums.EnumEntriesList                                                    : loaded 2 times (x 223B)
Class jdk.internal.jrtfs.SystemImage$2                                                : loaded 2 times (x 76B)
Class org.gradle.internal.classloader.FilteringClassLoader                            : loaded 2 times (x 105B)
Class org.jetbrains.plugins.gradle.model.IntelliJSettings                             : loaded 2 times (x 70B)
Class org.gradle.internal.service.ServiceLocator                                      : loaded 2 times (x 70B)
Class jdk.internal.jrtfs.JrtFileSystemProvider                                        : loaded 2 times (x 101B)
Class org.gradle.tooling.model.UnsupportedMethodException                             : loaded 2 times (x 82B)
Class com.intellij.compose.ide.plugin.gradleTooling.rt.ComposeResourcesModel          : loaded 2 times (x 70B)
Class jdk.internal.jimage.ImageLocation                                               : loaded 2 times (x 90B)
Class jdk.internal.jrtfs.JrtDirectoryStream$1                                         : loaded 2 times (x 83B)
Class org.gradle.internal.InternalTransformer                                         : loaded 2 times (x 70B)
Class jdk.internal.jimage.ImageBufferCache$1                                          : loaded 2 times (x 83B)
Class org.gradle.internal.time.DefaultTimer                                           : loaded 2 times (x 80B)
Class org.gradle.internal.classloader.ClasspathUtil$1                                 : loaded 2 times (x 76B)
Class jdk.internal.jimage.ImageBufferCache$2                                          : loaded 2 times (x 91B)
Class org.gradle.api.internal.classpath.DefaultModuleRegistry$DefaultModule           : loaded 2 times (x 86B)
Class org.gradle.internal.time.DefaultCountdownTimer                                  : loaded 2 times (x 88B)
Class org.gradle.tooling.internal.gradle.DefaultBuildIdentifier                       : loaded 2 times (x 79B)
Class kotlin.Function                                                                 : loaded 2 times (x 70B)
Class org.gradle.api.internal.classpath.Module                                        : loaded 2 times (x 70B)
Class org.gradle.api.internal.classpath.UnknownModuleException                        : loaded 2 times (x 82B)
Class jdk.internal.jimage.ImageHeader                                                 : loaded 2 times (x 71B)
Class com.intellij.openapi.externalSystem.model.project.dependencies.ProjectDependencies: loaded 2 times (x 70B)
Class org.gradle.tooling.internal.gradle.GradleProjectIdentity                        : loaded 2 times (x 70B)
Class org.gradle.api.internal.DefaultClassPathRegistry                                : loaded 2 times (x 76B)
Class org.gradle.api.internal.ClassPathRegistry                                       : loaded 2 times (x 70B)
Class org.gradle.internal.classpath.DefaultClassPath$ImmutableUniqueList              : loaded 2 times (x 199B)
Class jdk.internal.jimage.decompressor.ResourceDecompressor                           : loaded 2 times (x 70B)
Class org.jetbrains.kotlin.idea.gradleTooling.KotlinSourceSetContainer                : loaded 2 times (x 70B)
Class Settings_gradle$1                                                               : loaded 2 times (x 74B)
Class org.gradle.internal.classpath.ClassPath                                         : loaded 2 times (x 70B)
Class org.gradle.api.UncheckedIOException                                             : loaded 2 times (x 82B)
Class org.jetbrains.kotlin.idea.gradleTooling.KotlinGradleModel                       : loaded 2 times (x 70B)
Class jdk.internal.jimage.ImageStringsReader                                          : loaded 2 times (x 80B)
Class org.gradle.tooling.model.Model                                                  : loaded 2 times (x 70B)
Class kotlin.UninitializedPropertyAccessException                                     : loaded 2 times (x 82B)
Class jdk.internal.jimage.ImageReader                                                 : loaded 2 times (x 75B)
Class org.jetbrains.plugins.gradle.model.IntelliJProjectSettings                      : loaded 2 times (x 70B)
Class jdk.internal.jimage.ImageReader$SharedImageReader                               : loaded 2 times (x 95B)
Class org.gradle.internal.installation.GradleInstallation$1                           : loaded 2 times (x 75B)
Class org.gradle.api.internal.classpath.ModuleRegistry                                : loaded 2 times (x 70B)
Class jdk.internal.jimage.decompressor.ResourceDecompressorFactory                    : loaded 2 times (x 74B)
Class org.jetbrains.plugins.gradle.model.VersionCatalogsModel                         : loaded 2 times (x 70B)
Class jdk.internal.jimage.ImageReader$Node                                            : loaded 2 times (x 84B)
Class org.gradle.api.internal.classpath.DefaultModuleRegistry                         : loaded 2 times (x 86B)
Class jdk.internal.jimage.BasicImageReader$1                                          : loaded 2 times (x 77B)
Class jdk.internal.jimage.decompressor.Decompressor                                   : loaded 2 times (x 72B)
Class jdk.internal.jimage.ImageReader$Resource                                        : loaded 2 times (x 84B)
Class org.gradle.internal.time.MonotonicClock                                         : loaded 2 times (x 77B)
Class org.gradle.internal.service.ServiceLookupException                              : loaded 2 times (x 82B)
Class jdk.internal.jrtfs.JrtFileAttributes                                            : loaded 2 times (x 83B)
Class org.gradle.internal.classloader.ClassLoaderFactory                              : loaded 2 times (x 70B)
Class org.gradle.internal.service.CachingServiceLocator                               : loaded 2 times (x 82B)
Class org.jetbrains.plugins.gradle.model.RepositoryModels                             : loaded 2 times (x 70B)
Class org.gradle.internal.time.TimeSource                                             : loaded 2 times (x 70B)
Class org.gradle.tooling.internal.gradle.GradleBuildIdentity                          : loaded 2 times (x 70B)
Class kotlin.enums.EnumEntries                                                        : loaded 2 times (x 70B)
Class org.gradle.internal.exceptions.ResolutionProvider                               : loaded 2 times (x 70B)
Class jdk.internal.jimage.ImageBufferCache                                            : loaded 2 times (x 71B)
Class jdk.internal.jrtfs.JrtPath                                                      : loaded 2 times (x 118B)
Class org.gradle.tooling.model.ProjectIdentifier                                      : loaded 2 times (x 70B)
Class org.gradle.internal.classloader.ClasspathUtil                                   : loaded 2 times (x 71B)
Class org.gradle.internal.time.TimeSource$1                                           : loaded 2 times (x 77B)
Class kotlin.jvm.internal.DefaultConstructorMarker                                    : loaded 2 times (x 71B)
Class org.gradle.api.specs.Spec                                                       : loaded 2 times (x 70B)
Class jdk.internal.jimage.ImageReader$SharedImageReader$LocationVisitor               : loaded 2 times (x 70B)
Class jdk.internal.jimage.decompressor.ResourceDecompressorRepository                 : loaded 2 times (x 71B)
Class org.gradle.internal.time.Clock                                                  : loaded 2 times (x 70B)
Class jdk.internal.jimage.ImageReader$Directory                                       : loaded 2 times (x 84B)
Class kotlin.collections.AbstractList                                                 : loaded 2 times (x 197B)
Class kotlin.collections.AbstractCollection                                           : loaded 2 times (x 117B)
Class sync_studio_tooling_8brkd55wbwa3a0xxyf5t6jux8                                   : loaded 2 times (x 179B)
Class org.gradle.internal.classloader.VisitableURLClassLoader$InstrumentingVisitableURLClassLoader: loaded 2 times (x 123B)
Class org.gradle.internal.classloader.VisitableURLClassLoader$Spec                    : loaded 2 times (x 74B)
Class org.gradle.internal.classpath.DefaultClassPath                                  : loaded 2 times (x 90B)
Class jdk.internal.jimage.decompressor.ZipDecompressorFactory                         : loaded 2 times (x 74B)
Class org.gradle.internal.classloader.ClassLoaderSpec                                 : loaded 2 times (x 71B)
Class Settings_gradle$1$1                                                             : loaded 2 times (x 74B)
Class kotlin.Unit                                                                     : loaded 2 times (x 71B)
Class org.gradle.internal.classloader.VisitableURLClassLoader                         : loaded 2 times (x 117B)
Class Settings_gradle                                                                 : loaded 2 times (x 128B)
Class org.gradle.internal.Cast                                                        : loaded 2 times (x 71B)
Class org.gradle.api.Action                                                           : loaded 2 times (x 70B)
Class jdk.internal.jimage.decompressor.ZipDecompressor                                : loaded 2 times (x 75B)
Class kotlin.jvm.functions.Function1                                                  : loaded 2 times (x 70B)
Class org.gradle.internal.classpath.DefaultClassPath$ImmutableUniqueList$Builder      : loaded 2 times (x 75B)
Class kotlin.NotImplementedError                                                      : loaded 2 times (x 82B)
Class org.gradle.internal.exceptions.NonGradleCauseExceptionsHolder                   : loaded 2 times (x 70B)
Class jdk.internal.jimage.ImageStrings                                                : loaded 2 times (x 70B)
Class org.jetbrains.plugins.gradle.tooling.ModelBuilderService$Parameter              : loaded 2 times (x 70B)
Class kotlin.enums.EnumEntriesKt                                                      : loaded 2 times (x 71B)
Class org.gradle.internal.IoActions                                                   : loaded 2 times (x 71B)
Class org.gradle.internal.classloader.SystemClassLoaderSpec                           : loaded 2 times (x 71B)
Class org.gradle.internal.exceptions.MultiCauseException                              : loaded 2 times (x 70B)
Class org.gradle.internal.time.CountdownTimer                                         : loaded 2 times (x 70B)
Class kotlin.jvm.internal.Intrinsics                                                  : loaded 2 times (x 71B)
Class jdk.internal.jrtfs.JrtFileSystem                                                : loaded 2 times (x 102B)
Class org.gradle.tooling.model.ProjectModel                                           : loaded 2 times (x 70B)
Class jdk.internal.jimage.decompressor.CompressedResourceHeader                       : loaded 2 times (x 71B)
Class kotlin.KotlinNullPointerException                                               : loaded 2 times (x 83B)
Class org.jetbrains.plugins.gradle.model.tests.ExternalTestsModel                     : loaded 2 times (x 70B)
Class org.gradle.internal.exceptions.DefaultMultiCauseException                       : loaded 2 times (x 95B)
Class org.gradle.internal.time.Time                                                   : loaded 2 times (x 71B)
Class org.jetbrains.plugins.gradle.model.DependencyAccessorsModel                     : loaded 2 times (x 70B)
Class org.gradle.api.internal.classpath.GlobalCacheRootsProvider                      : loaded 2 times (x 70B)
Class org.jetbrains.kotlin.idea.gradleTooling.KotlinMPPGradleModel                    : loaded 2 times (x 70B)
Class org.gradle.tooling.model.BuildIdentifier                                        : loaded 2 times (x 70B)
Class org.jetbrains.kotlin.idea.gradleTooling.PrepareKotlinIdeImportTaskModel         : loaded 2 times (x 70B)
Class org.gradle.internal.time.Timer                                                  : loaded 2 times (x 70B)
Class kotlin.jvm.internal.markers.KMappedMarker                                       : loaded 2 times (x 70B)
Class org.gradle.internal.installation.CurrentGradleInstallationLocator               : loaded 2 times (x 71B)
Class org.gradle.internal.service.DefaultServiceLocator                               : loaded 2 times (x 83B)
Class jdk.internal.jrtfs.JrtDirectoryStream                                           : loaded 2 times (x 89B)
Class org.gradle.util.GradleVersion                                                   : loaded 2 times (x 79B)
Class org.gradle.internal.installation.CurrentGradleInstallation                      : loaded 2 times (x 73B)
Class org.jetbrains.plugins.gradle.javaModel.JavaGradleManifestModel                  : loaded 2 times (x 70B)
Class org.gradle.util.internal.GUtil                                                  : loaded 2 times (x 71B)
Class org.gradle.internal.installation.GradleInstallation                             : loaded 2 times (x 75B)
Class jdk.internal.jimage.decompressor.ResourceDecompressor$StringsProvider           : loaded 2 times (x 70B)

---------------  S Y S T E M  ---------------

OS:
 Windows 11 , 64 bit Build 26100 (10.0.26100.6725)
OS uptime: 0 days 6:10 hours
Hyper-V role detected

CPU: total 8 (initial active 8) (4 cores per cpu, 2 threads per core) family 6 model 186 stepping 3 microcode 0x410e, cx8, cmov, fxsr, ht, mmx, 3dnowpref, sse, sse2, sse3, ssse3, sse4.1, sse4.2, popcnt, lzcnt, tsc, tscinvbit, avx, avx2, aes, erms, clmul, bmi1, bmi2, adx, sha, fma, vzeroupper, clflush, clflushopt, clwb, hv, serialize, rdtscp, rdpid, fsrm, f16c, cet_ibt, cet_ss
Processor Information for processor 0
  Max Mhz: 1200, Current Mhz: 1200, Mhz Limit: 1200
Processor Information for processor 1
  Max Mhz: 1200, Current Mhz: 1200, Mhz Limit: 1200
Processor Information for processor 2
  Max Mhz: 1200, Current Mhz: 1200, Mhz Limit: 1200
Processor Information for processor 3
  Max Mhz: 1200, Current Mhz: 1200, Mhz Limit: 1200
Processor Information for processor 4
  Max Mhz: 1200, Current Mhz: 900, Mhz Limit: 900
Processor Information for processor 5
  Max Mhz: 1200, Current Mhz: 900, Mhz Limit: 900
Processor Information for processor 6
  Max Mhz: 1200, Current Mhz: 900, Mhz Limit: 900
Processor Information for processor 7
  Max Mhz: 1200, Current Mhz: 900, Mhz Limit: 900

Memory: 4k page, system-wide physical 7811M (489M free)
TotalPageFile size 18627M (AvailPageFile size 500M)
current process WorkingSet (physical memory assigned to process): 828M, peak: 963M
current process commit charge ("private bytes"): 1094M, peak: 1531M

vm_info: OpenJDK 64-Bit Server VM (21.0.8+-14018985-b1038.68) for windows-amd64 JRE (21.0.8+-14018985-b1038.68), built on 2025-08-29T19:56:34Z by "builder" with MS VC++ 16.10 / 16.11 (VS2019)

END.
